Code,survey_date,survey_type,District,Community,Gender,household_size,source,whether_improved,collect_yesterday,Container_size,25liter,20liter,15liter,10liter,5liter,oneway_travel,wait_time,dry_months,mgmt_turnoff,mgmt_comm,satisfied,notsatisfied_why,places_adults_poo,handwash_demo,soap_ash,water_wash,hwise_worry,hwise_interrupt,hwise_clothes,hwise_change_plans,hwise_change_meal,hwise_nohandwash,hwise_no_bodywash,hwise:drinking,hwise_angry,hwise_sleepthirsty,hwise_nowater,hwise_shame,hwise_score,insecurity_level,total_collect_time,water_surface,water_unimproved,water_limited,water_basic,total_liters,liters_person,Handwashing_basic
helvetas02-DA5LPF,18.06.2025,Endline,Memba,Cruzamento dos velhos,Male,6,Borehole with handpump,Improved,No,,,,,,,10,10,No,No,,Satistfied,,Latrine/toilet,Yes,Ash,Yes,Never (0 times),Never (0 times),Never (0 times),Never (0 times),Never (0 times),Never (0 times),Never (0 times),Never (0 times),Never (0 times),Never (0 times),Never (0 times),Never (0 times),0,No-to-marginal,30,0,0,0,1,0,0,1
helvetas01-DA5LNT,18.06.2025,Endline,Memba,Cruzamento dos velhos,Male,10,Borehole with handpump,Improved,Yes,20 liter,,4,,,,1,5,No,No,,Satistfied,,Latrine/toilet,Yes,Soap,Yes,Never (0 times),Never (0 times),Never (0 times),Never (0 times),Never (0 times),Never (0 times),Never (0 times),Never (0 times),Never (0 times),Never (0 times),Never (0 times),Never (0 times),0,No-to-marginal,7,0,0,0,1,80,8,1
helvetas03-DA5LVD,18.06.2025,Endline,Memba,Cruzamento dos velhos,Female,6,Borehole with handpump,Improved,Yes,20 liter,,5,,,,3,10,No,No,,Satistfied,,Latrine/toilet,Yes,Soap,Yes,Never (0 times),Never (0 times),Never (0 times),Never (0 times),Never (0 times),Never (0 times),Never (0 times),Never (0 times),Never (0 times),Never (0 times),Never (0 times),Never (0 times),0,No-to-marginal,16,0,0,0,1,100,17,1
helvetas02-DA5KL3,18.06.2025,Endline,Memba,Cruzamento dos velhos,Male,4,Borehole with handpump,Improved,Yes,20 liter,,4,,,,5,5,No,No,,Satistfied,,Latrine/toilet,Yes,Ash,Yes,Never (0 times),Never (0 times),Never (0 times),Never (0 times),Never (0 times),Never (0 times),Never (0 times),Never (0 times),Never (0 times),Never (0 times),Never (0 times),Never (0 times),0,No-to-marginal,15,0,0,0,1,80,20,1
helvetas04-DA5K7D,18.06.2025,Endline,Memba,Cruzamento dos velhos,Female,5,Borehole with handpump,Improved,Yes,20 liter,,1,,,,3,20,No,No,,Satistfied,,Latrine/toilet,Yes,Ash,Yes,Never (0 times),Never (0 times),Never (0 times),Never (0 times),Never (0 times),Never (0 times),Never (0 times),Never (0 times),Never (0 times),Never (0 times),Never (0 times),Never (0 times),0,No-to-marginal,26,0,0,0,1,20,4,1
helvetas08-DA5LUV,18.06.2025,Endline,Memba,Cruzamento dos velhos,Female,5,Borehole with handpump,Improved,Yes,20 liter,,3,,,,5,20,No,No,,Satistfied,,Latrine/toilet,Yes,Ash,Yes,Rarely (1-2 times),Never (0 times),Rarely (1-2 times),Never (0 times),Never (0 times),Never (0 times),Never (0 times),Never (0 times),Never (0 times),Never (0 times),Never (0 times),Never (0 times),2,No-to-marginal,30,0,0,0,1,60,12,1
helvetas03-DA5KHL,18.06.2025,Endline,Memba,Cruzamento dos velhos,Female,3,Borehole with handpump,Improved,Yes,"20 liter, 10 liter",,1,,2,,5,10,No,No,,Satistfied,,Latrine/toilet,Yes,Soap,Yes,Never (0 times),Never (0 times),Never (0 times),Never (0 times),Never (0 times),Never (0 times),Never (0 times),Never (0 times),Never (0 times),Never (0 times),Never (0 times),Never (0 times),0,No-to-marginal,20,0,0,0,1,40,13,1
helvetas08-DADFV3,21.06.2025,Endline,Moma,Jacagiua,Female,4,Borehole with handpump,Improved,Yes,20 liter,,3,,,,3,10,No,No,,Satistfied,,Latrine/toilet,Yes,Ash,Yes,Never (0 times),Never (0 times),Never (0 times),Never (0 times),Never (0 times),Never (0 times),Never (0 times),Never (0 times),Never (0 times),Never (0 times),Never (0 times),Never (0 times),0,No-to-marginal,16,0,0,0,1,60,15,1
helvetas03-DADG8P,21.06.2025,Endline,Moma,Jacagiua,Female,4,Borehole with handpump,Improved,Yes,20 liter,,2,,,,3,15,No,No,,Satistfied,,Latrine/toilet,Yes,Soap,Yes,Never (0 times),Never (0 times),Never (0 times),Never (0 times),Never (0 times),Never (0 times),Never (0 times),Never (0 times),Never (0 times),Never (0 times),Never (0 times),Never (0 times),0,No-to-marginal,21,0,0,0,1,40,10,1
helvetas02-DADGQY,21.06.2025,Endline,Moma,Jacagiua,Female,5,Borehole with handpump,Improved,Yes,10 liter,,,,4,,3,20,No,No,,Satistfied,,Latrine/toilet,Yes,Ash,Yes,Never (0 times),Never (0 times),Never (0 times),Never (0 times),Never (0 times),Never (0 times),Never (0 times),Never (0 times),Never (0 times),Never (0 times),Never (0 times),Never (0 times),0,No-to-marginal,26,0,0,0,1,40,8,1
helvetas03-DADH2Q,21.06.2025,Endline,Moma,Jacagiua,Female,3,Borehole with handpump,Improved,Yes,"20 liter, 10 liter",,1,,2,,5,10,No,No,,Satistfied,,Latrine/toilet,Yes,Soap,Yes,Never (0 times),Never (0 times),Never (0 times),Never (0 times),Never (0 times),Never (0 times),Never (0 times),Never (0 times),Never (0 times),Never (0 times),Never (0 times),Never (0 times),0,No-to-marginal,20,0,0,0,1,40,13,1
helvetas08-DA2ZFF,17.06.2025,Endline,Memba,Lusaka,Female,6,Borehole with handpump,Improved,Yes,20 liter,,3,,,,5,20,No,No,,Satistfied,,Latrine/toilet,Yes,Ash,Yes,Never (0 times),Never (0 times),Never (0 times),Never (0 times),Never (0 times),Never (0 times),Never (0 times),Never (0 times),Never (0 times),Never (0 times),Never (0 times),Never (0 times),0,No-to-marginal,30,0,0,0,1,60,10,1
helvetas01-DA2ZG6,17.06.2025,Endline,Memba,Lusaka,Male,3,Borehole with handpump,Improved,Yes,20 liter,,2,,,,2,10,No,No,,Satistfied,,In the open/no sanitation facilities,Yes,Soap,No,Never (0 times),Never (0 times),Never (0 times),Never (0 times),Never (0 times),Never (0 times),Never (0 times),Never (0 times),Never (0 times),Never (0 times),Never (0 times),Never (0 times),0,No-to-marginal,14,0,0,0,1,40,13,0
helvetas08-DA327K,17.06.2025,Endline,Memba,Lusaka,Female,5,Borehole with handpump,Improved,Yes,"10 liter, 20 liter",,1,,2,,2,8,No,No,,Satistfied,,Latrine/toilet,Yes,Soap,Yes,Never (0 times),Never (0 times),Never (0 times),Rarely (1-2 times),Rarely (1-2 times),Rarely (1-2 times),Rarely (1-2 times),Never (0 times),Never (0 times),Never (0 times),Never (0 times),Never (0 times),4,Low,12,0,0,0,1,40,8,1
helvetas02-DAJW6F,23.06.2025,Endline,Larde,Macuire,Female,3,Borehole with handpump,Improved,Yes,20 liter,,4,,,,5,10,No,No,,Satistfied,,Latrine/toilet,Yes,Ash,Yes,Never (0 times),Never (0 times),Never (0 times),Never (0 times),Never (0 times),Never (0 times),Never (0 times),Never (0 times),Never (0 times),Never (0 times),Never (0 times),Never (0 times),0,No-to-marginal,20,0,0,0,1,80,27,1
helvetas02-DAJWCK,23.06.2025,Endline,Larde,Macuire,Female,6,Borehole with handpump,Improved,Yes,20 liter,,5,,,,3,5,No,No,,Satistfied,,Latrine/toilet,Yes,Ash,Yes,Never (0 times),Never (0 times),Never (0 times),Never (0 times),Never (0 times),Never (0 times),Never (0 times),Never (0 times),Never (0 times),Never (0 times),Never (0 times),Never (0 times),0,No-to-marginal,11,0,0,0,1,100,17,1
helvetas02-DA5Q4N,18.06.2025,Endline,Memba,Matata,Male,5,Borehole with handpump,Improved,Yes,20 liter,,4,,,,5,20,No,No,,Satistfied,,Latrine/toilet,Yes,Ash,Yes,Never (0 times),Never (0 times),Never (0 times),Never (0 times),Never (0 times),Never (0 times),Never (0 times),Never (0 times),Never (0 times),Never (0 times),Never (0 times),Never (0 times),0,No-to-marginal,30,0,0,0,1,80,16,1
helvetas02-DA5QN4,18.06.2025,Endline,Memba,Matata,Male,4,Borehole with handpump,Improved,Yes,20 liter,,4,,,,3,20,No,No,,Satistfied,,Latrine/toilet,Yes,Ash,Yes,Never (0 times),Never (0 times),Never (0 times),Never (0 times),Never (0 times),Never (0 times),Never (0 times),Never (0 times),Never (0 times),Never (0 times),Never (0 times),Never (0 times),0,No-to-marginal,26,0,0,0,1,80,20,1
helvetas01-DA3569,17.06.2025,Endline,Memba,Miaja,Female,3,Borehole with handpump,Improved,Yes,"20 liter, 10 liter",,2,,3,,5,20,No,No,,Satistfied,,Latrine/toilet,Yes,Ash,Yes,Never (0 times),Never (0 times),Never (0 times),Never (0 times),Never (0 times),Never (0 times),Never (0 times),Never (0 times),Never (0 times),Never (0 times),Never (0 times),Never (0 times),0,No-to-marginal,30,0,0,0,1,70,23,1
helvetas04-DA346Z,17.06.2025,Endline,Memba,Miaja,Female,6,Borehole with handpump,Improved,Yes,20 liter,,10,,,,4,10,Yes,No,,Satistfied,,Latrine/toilet,Yes,Ash,Yes,Never (0 times),Never (0 times),Never (0 times),Never (0 times),Never (0 times),Never (0 times),Never (0 times),Never (0 times),Never (0 times),Never (0 times),Never (0 times),Never (0 times),0,No-to-marginal,18,0,0,0,1,200,33,1
helvetas08-DAAVEJ,20.06.2025,Endline,Moma,Mieie,Female,7,Borehole with handpump,Improved,Yes,"20 liter, 10 liter",,2,,3,,3,15,No,No,,Satistfied,,Latrine/toilet,Yes,Ash,Yes,Never (0 times),Never (0 times),Never (0 times),Never (0 times),Never (0 times),Never (0 times),Never (0 times),Never (0 times),Never (0 times),Never (0 times),Never (0 times),Never (0 times),0,No-to-marginal,21,0,0,0,1,70,10,1
helvetas03-DAAVHX,20.06.2025,Endline,Moma,Mieie,Female,10,Borehole with handpump,Improved,Yes,"20 liter, 10 liter",,3,,3,,5,10,No,No,,Satistfied,,Latrine/toilet,Yes,Ash,Yes,Never (0 times),Never (0 times),Never (0 times),Never (0 times),Never (0 times),Never (0 times),Never (0 times),Never (0 times),Never (0 times),Never (0 times),Never (0 times),Never (0 times),0,No-to-marginal,20,0,0,0,1,90,9,1
helvetas03-DAAVZU,20.06.2025,Endline,Moma,Mieie,Female,2,Borehole with handpump,Improved,Yes,20 liter,,3,,,,5,20,No,No,,Satistfied,,Latrine/toilet,Yes,Soap,Yes,Never (0 times),Never (0 times),Never (0 times),Never (0 times),Never (0 times),Never (0 times),Never (0 times),Never (0 times),Never (0 times),Never (0 times),Never (0 times),Never (0 times),0,No-to-marginal,30,0,0,0,1,60,30,1
helvetas01-DAAVRA,20.06.2025,Endline,Moma,Mieie,Female,3,Borehole with handpump,Improved,Yes,"10 liter, 5 liter, 20 liter",,4,,2,1,5,10,No,No,,Satistfied,,Latrine/toilet,Yes,Ash,Yes,Never (0 times),Never (0 times),Never (0 times),Never (0 times),Never (0 times),Never (0 times),Never (0 times),Never (0 times),Never (0 times),Never (0 times),Never (0 times),Never (0 times),0,No-to-marginal,20,0,0,0,1,105,35,1
helvetas01-DAAVCY,20.06.2025,Endline,Moma,Mieie,Female,4,Borehole with handpump,Improved,Yes,"20 liter, 5 liter, 10 liter",,2,,1,2,5,15,No,No,,Satistfied,,Latrine/toilet,Yes,Ash,Yes,Never (0 times),Never (0 times),Never (0 times),Never (0 times),Never (0 times),Never (0 times),Never (0 times),Never (0 times),Never (0 times),Never (0 times),Never (0 times),Never (0 times),0,No-to-marginal,25,0,0,0,1,60,15,1
helvetas02-DAAVAP,20.06.2025,Endline,Moma,Mieie,Female,2,Borehole with handpump,Improved,Yes,20 liter,,2,,,,5,10,No,No,,Satistfied,,Latrine/toilet,Yes,Ash,Yes,Never (0 times),Never (0 times),Never (0 times),Never (0 times),Never (0 times),Never (0 times),Never (0 times),Never (0 times),Never (0 times),Never (0 times),Never (0 times),Never (0 times),0,No-to-marginal,20,0,0,0,1,40,20,1
helvetas02-DAAVXQ,20.06.2025,Endline,Moma,Mieie,Female,7,Borehole with handpump,Improved,Yes,20 liter,,5,,,,5,10,No,No,,Satistfied,,Latrine/toilet,Yes,Ash,Yes,Never (0 times),Never (0 times),Never (0 times),Never (0 times),Never (0 times),Never (0 times),Never (0 times),Never (0 times),Never (0 times),Never (0 times),Never (0 times),Never (0 times),0,No-to-marginal,20,0,0,0,1,100,14,1
helvetas08-DA36RT,17.06.2025,Endline,Memba,Monapo,Female,4,Borehole with handpump,Improved,Yes,20 liter,,3,,,,5,20,No,No,,Satistfied,,Latrine/toilet,Yes,Ash,Yes,Never (0 times),Never (0 times),Never (0 times),Never (0 times),Never (0 times),Never (0 times),Never (0 times),Never (0 times),Never (0 times),Never (0 times),Never (0 times),Never (0 times),0,No-to-marginal,30,0,0,0,1,60,15,1
helvetas02-DA36NF,17.06.2025,Endline,Memba,Monapo,Female,5,Borehole with handpump,Improved,Yes,20 liter,,8,,,,5,20,No,No,,Satistfied,,Latrine/toilet,Yes,Soap,Yes,Never (0 times),Never (0 times),Never (0 times),Never (0 times),Never (0 times),Never (0 times),Never (0 times),Never (0 times),Never (0 times),Never (0 times),Never (0 times),Never (0 times),0,No-to-marginal,30,0,0,0,1,160,32,1
helvetas02-DA37AE,17.06.2025,Endline,Memba,Monapo,Female,4,Borehole with handpump,Improved,Yes,10 liter,,,,3,,3,15,No,No,,Satistfied,,Latrine/toilet,Yes,Soap,Yes,Never (0 times),Never (0 times),Never (0 times),Never (0 times),Never (0 times),Never (0 times),Never (0 times),Never (0 times),Never (0 times),Never (0 times),Never (0 times),Never (0 times),0,No-to-marginal,21,0,0,0,1,30,8,1
helvetas05-DAMRTR,24.06.2025,Endline,Larde,Mpaheia ,Female,7,Borehole with handpump,Improved,Yes,20 liter,,3,,,,8,10,No,No,,Satistfied,,Latrine/toilet,Yes,Ash,Yes,Never (0 times),Never (0 times),Never (0 times),Never (0 times),Never (0 times),Never (0 times),Never (0 times),Never (0 times),Never (0 times),Never (0 times),Never (0 times),Never (0 times),0,No-to-marginal,26,0,0,0,1,60,9,1
helvetas04-DAMSKE,24.06.2025,Endline,Larde,Mpaheia ,Male,5,Borehole with handpump,Improved,Yes,10 liter,,,,4,,5,10,No,No,,Satistfied,,Latrine/toilet,Yes,Soap,Yes,Never (0 times),Never (0 times),Never (0 times),Never (0 times),Never (0 times),Never (0 times),Never (0 times),Never (0 times),Never (0 times),Never (0 times),Never (0 times),Never (0 times),0,No-to-marginal,20,0,0,0,1,40,8,1
helvetas04-DAMRYL,24.06.2025,Endline,Larde,Mpaheia ,Female,4,Borehole with handpump,Improved,Yes,20 liter,,2,,,,10,10,No,No,,Satistfied,,Latrine/toilet,Yes,Ash,Yes,Never (0 times),Never (0 times),Never (0 times),Never (0 times),Never (0 times),Never (0 times),Never (0 times),Never (0 times),Never (0 times),Never (0 times),Never (0 times),Never (0 times),0,No-to-marginal,30,0,0,0,1,40,10,1
helvetas04-DALDUG,23.06.2025,Endline,Larde,Namichir,Female,15,Borehole with handpump,Improved,No,,,,,,,10,10,No,No,,Satistfied,,Latrine/toilet,Yes,Soap,Yes,Never (0 times),Never (0 times),Never (0 times),Never (0 times),Never (0 times),Never (0 times),Never (0 times),Never (0 times),Never (0 times),Never (0 times),Never (0 times),Never (0 times),0,No-to-marginal,30,0,0,0,1,0,0,1
helvetas04-DALDG9,23.06.2025,Endline,Larde,Namichir,Female,4,Borehole with handpump,Improved,Yes,10 liter,,,,2,,4,20,No,No,,Satistfied,,Latrine/toilet,Yes,Ash,Yes,Never (0 times),Never (0 times),Never (0 times),Never (0 times),Never (0 times),Never (0 times),Never (0 times),Never (0 times),Never (0 times),Never (0 times),Never (0 times),Never (0 times),0,No-to-marginal,28,0,0,0,1,20,5,1
helvetas03-DALACG,23.06.2025,Endline,Larde,Namichir,Female,6,Borehole with handpump,Improved,Yes,"20 liter, 10 liter",,3,,2,,5,15,No,No,,Satistfied,,Latrine/toilet,Yes,Ash,Yes,Never (0 times),Never (0 times),Never (0 times),Never (0 times),Never (0 times),Never (0 times),Never (0 times),Never (0 times),Never (0 times),Never (0 times),Never (0 times),Never (0 times),0,No-to-marginal,25,0,0,0,1,80,13,1
helvetas02-DALAAU,23.06.2025,Endline,Larde,Namichir,Female,1,Borehole with handpump,Improved,Yes,20 liter,,2,,,,5,10,No,No,,Satistfied,,Latrine/toilet,Yes,Ash,Yes,Never (0 times),Never (0 times),Never (0 times),Never (0 times),Never (0 times),Never (0 times),Never (0 times),Never (0 times),Never (0 times),Never (0 times),Never (0 times),Never (0 times),0,No-to-marginal,20,0,0,0,1,40,40,1
helvetas03-DALAYJ,23.06.2025,Endline,Larde,Namichir,Female,6,Borehole with handpump,Improved,Yes,20 liter,,5,,,,5,10,No,No,,Satistfied,,Latrine/toilet,Yes,Ash,Yes,Never (0 times),Rarely (1-2 times),Rarely (1-2 times),Rarely (1-2 times),Rarely (1-2 times),Never (0 times),Never (0 times),Never (0 times),Never (0 times),Never (0 times),Never (0 times),Never (0 times),4,Low,20,0,0,0,1,100,17,1
helvetas04-DALAG3,23.06.2025,Endline,Larde,Namichir,Female,5,Borehole with handpump,Improved,Yes,10 liter,,,,2,,4,3,No,No,,Satistfied,,Latrine/toilet,Yes,Soap,Yes,Never (0 times),Never (0 times),Never (0 times),Never (0 times),Never (0 times),Never (0 times),Never (0 times),Never (0 times),Never (0 times),Never (0 times),Never (0 times),Never (0 times),0,No-to-marginal,11,0,0,0,1,20,4,1
helvetas08-DAT6YJ,26.06.2025,Endline,Mecuburi,Nanrele ,Female,6,Borehole with handpump,Improved,Yes,20 liter,,4,,,,1,20,No,No,,Satistfied,,Latrine/toilet,Yes,Ash,Yes,Never (0 times),Never (0 times),Never (0 times),Never (0 times),Never (0 times),Never (0 times),Never (0 times),Never (0 times),Never (0 times),Never (0 times),Never (0 times),Never (0 times),0,No-to-marginal,22,0,0,0,1,80,13,1
helvetas02-DAT76C,26.06.2025,Endline,Mecuburi,Nanrele ,Male,9,Borehole with handpump,Improved,Yes,20 liter,,5,,,,5,20,No,No,,Satistfied,,Latrine/toilet,Yes,Soap,Yes,Never (0 times),Never (0 times),Never (0 times),Never (0 times),Never (0 times),Never (0 times),Never (0 times),Never (0 times),Never (0 times),Never (0 times),Never (0 times),Never (0 times),0,No-to-marginal,30,0,0,0,1,100,11,1
helvetas01-DA2X3X,17.06.2025,Endline,Memba,Nihola ,Female,6,Borehole with handpump,Improved,Yes,"20 liter, 10 liter",,4,,3,,2,10,No,No,,Satistfied,,Latrine/toilet,Yes,Ash,Yes,Never (0 times),Never (0 times),Never (0 times),Never (0 times),Never (0 times),Never (0 times),Never (0 times),Never (0 times),Never (0 times),Never (0 times),Never (0 times),Never (0 times),0,No-to-marginal,14,0,0,0,1,110,18,1
helvetas01-DA2XLD,17.06.2025,Endline,Memba,Nihola ,Female,4,Borehole with handpump,Improved,Yes,20 liter,,3,,,,5,10,No,No,,Satistfied,,In the open/no sanitation facilities,No,,,Never (0 times),Never (0 times),Never (0 times),Never (0 times),Never (0 times),Never (0 times),Never (0 times),Never (0 times),Never (0 times),Never (0 times),Never (0 times),Never (0 times),0,No-to-marginal,20,0,0,0,1,60,15,0
helvetas08-DA2Y3C,17.06.2025,Endline,Memba,Nihola ,Female,5,Borehole with handpump,Improved,Yes,20 liter,,3,,,,7,2,No,No,,Satistfied,,Latrine/toilet,Yes,Soap,Yes,Never (0 times),Never (0 times),Never (0 times),Rarely (1-2 times),Never (0 times),Never (0 times),Never (0 times),Never (0 times),Never (0 times),Never (0 times),Never (0 times),Never (0 times),1,No-to-marginal,16,0,0,0,1,60,12,1
helvetas01-DA38YM,17.06.2025,Endline,Memba,Valdemar,Female,7,Borehole with handpump,Improved,Yes,20 liter,,2,,,,5,15,No,Yes,Yes,Satistfied,,Latrine/toilet,Yes,Ash,Yes,Never (0 times),Never (0 times),Never (0 times),Never (0 times),Never (0 times),Never (0 times),Never (0 times),Never (0 times),Never (0 times),Never (0 times),Never (0 times),Never (0 times),0,No-to-marginal,25,0,0,0,1,40,6,1
helvetas03-DAJWCB,23.06.2025,Endline,Larde,Macuire,Female,5,Protected dug well,Improved,Yes,20 liter,,3,,,,10,2,Yes,No,,Not Satisfied,"Water has a bad smell, color, or quality",Latrine/toilet,Yes,Ash,Yes,Never (0 times),Never (0 times),Never (0 times),Never (0 times),Never (0 times),Never (0 times),Never (0 times),Never (0 times),Never (0 times),Never (0 times),Never (0 times),Never (0 times),0,No-to-marginal,22,0,0,0,1,60,12,1
helvetas04-DA5LTX,18.06.2025,Endline,Memba,Cruzamento dos velhos,Female,9,Borehole with handpump,Improved,Yes,20 liter,,3,,,,15,20,No,No,,Satistfied,,Latrine/toilet,Yes,Ash,Yes,Never (0 times),Never (0 times),Never (0 times),Never (0 times),Never (0 times),Never (0 times),Never (0 times),Never (0 times),Never (0 times),Never (0 times),Never (0 times),Never (0 times),0,No-to-marginal,50,0,0,1,0,60,7,1
helvetas05-DA5LKY,18.06.2025,Endline,Memba,Cruzamento dos velhos,Female,6,Borehole with handpump,Improved,Yes,20 liter,,5,,,,15,20,No,No,,Satistfied,,Latrine/toilet,Yes,Soap,Yes,Never (0 times),Never (0 times),Never (0 times),Never (0 times),Never (0 times),Never (0 times),Never (0 times),Never (0 times),Never (0 times),Never (0 times),Never (0 times),Never (0 times),0,No-to-marginal,50,0,0,1,0,100,17,1
helvetas08-DA5K92,18.06.2025,Endline,Memba,Cruzamento dos velhos,Female,3,Borehole with handpump,Improved,Yes,20 liter,,4,,,,15,30,No,No,,Not Satisfied,Long lines,Latrine/toilet,Yes,Ash,Yes,Never (0 times),Never (0 times),Rarely (1-2 times),Never (0 times),Never (0 times),Never (0 times),Never (0 times),Never (0 times),Never (0 times),Never (0 times),Never (0 times),Never (0 times),1,No-to-marginal,60,0,0,1,0,80,27,1
helvetas05-DA5KF7,18.06.2025,Endline,Memba,Cruzamento dos velhos,Female,3,Borehole with handpump,Improved,Yes,20 liter,,3,,,,20,15,No,No,,Satistfied,,Latrine/toilet,Yes,Soap,Yes,Never (0 times),Never (0 times),Never (0 times),Never (0 times),Never (0 times),Never (0 times),Never (0 times),Never (0 times),Never (0 times),Never (0 times),Never (0 times),Never (0 times),0,No-to-marginal,55,0,0,1,0,60,20,1
helvetas02-DADFTW,21.06.2025,Endline,Moma,Jacagiua,Male,10,Borehole with handpump,Improved,Yes,20 liter,,5,,,,5,30,No,No,,Satistfied,,Latrine/toilet,Yes,Ash,Yes,Never (0 times),Never (0 times),Never (0 times),Never (0 times),Never (0 times),Never (0 times),Never (0 times),Never (0 times),Never (0 times),Never (0 times),Never (0 times),Never (0 times),0,No-to-marginal,40,0,0,1,0,100,10,1
helvetas08-DADGBM,21.06.2025,Endline,Moma,Jacagiua,Female,6,Borehole with handpump,Improved,Yes,20 liter,,3,,,,8,20,No,No,,Satistfied,,Latrine/toilet,Yes,Ash,Yes,Never (0 times),Never (0 times),Never (0 times),Never (0 times),Never (0 times),Never (0 times),Never (0 times),Never (0 times),Never (0 times),Never (0 times),Never (0 times),Never (0 times),0,No-to-marginal,36,0,0,1,0,60,10,1
helvetas02-DADGDL,21.06.2025,Endline,Moma,Jacagiua,Female,3,Borehole with handpump,Improved,Yes,20 liter,,3,,,,5,30,No,No,,Satistfied,,Latrine/toilet,Yes,Ash,Yes,Never (0 times),Never (0 times),Never (0 times),Never (0 times),Never (0 times),Never (0 times),Never (0 times),Never (0 times),Never (0 times),Never (0 times),Never (0 times),Never (0 times),0,No-to-marginal,40,0,0,1,0,60,20,1
helvetas08-DADGUN,21.06.2025,Endline,Moma,Jacagiua,Female,5,Borehole with handpump,Improved,Yes,20 liter,,3,,,,13,30,No,No,,Not Satisfied,Water tastes bad,Latrine/toilet,Yes,Ash,Yes,Never (0 times),Never (0 times),Never (0 times),Never (0 times),Never (0 times),Never (0 times),Never (0 times),Never (0 times),Never (0 times),Never (0 times),Never (0 times),Never (0 times),0,No-to-marginal,56,0,0,1,0,60,12,1
helvetas03-DADHDE,21.06.2025,Endline,Moma,Jacagiua,Female,7,Borehole with handpump,Improved,Yes,20 liter,,3,,,,8,20,No,No,,Satistfied,,Latrine/toilet,Yes,Ash,Yes,Never (0 times),Never (0 times),Never (0 times),Never (0 times),Never (0 times),Never (0 times),Never (0 times),Never (0 times),Never (0 times),Never (0 times),Never (0 times),Never (0 times),0,No-to-marginal,36,0,0,1,0,60,9,1
helvetas05-CQ9RUX,13.11.2024,Baseline,Memba,Lusaka,Male,6,Borehole with handpump,Improved,Yes,"20 liter, 10 liter",,3,,2,,20,30,Yes,Yes,Yes,Not Satisfied,Long lines,Latrine/toilet,Yes,Ash,Yes,Sometimes (3-10 times),Sometimes (3-10 times),Sometimes (3-10 times),Sometimes (3-10 times),Rarely (1-2 times),Rarely (1-2 times),Sometimes (3-10 times),Rarely (1-2 times),Sometimes (3-10 times),Rarely (1-2 times),Sometimes (3-10 times),Sometimes (3-10 times),20,Moderate,70,0,0,1,0,80,13,1
helvetas05-CQ9SDU,13.11.2024,Baseline,Memba,Lusaka,Female,7,Borehole with handpump,Improved,Yes,20 liter,,5,,,,15,120,Yes,Yes,Yes,Not Satisfied,Long lines,Latrine/toilet,Yes,Ash,Yes,Sometimes (3-10 times),Sometimes (3-10 times),Sometimes (3-10 times),Sometimes (3-10 times),Rarely (1-2 times),Rarely (1-2 times),Sometimes (3-10 times),Rarely (1-2 times),Often (11-20 times),Rarely (1-2 times),Sometimes (3-10 times),Often (11-20 times),22,Moderate,150,0,0,1,0,100,14,1
helvetas05-DA2ZAA,17.06.2025,Endline,Memba,Lusaka,Female,10,Borehole with handpump,Improved,Yes,20 liter,,4,,,,10,15,No,No,,Satistfied,,Latrine/toilet,Yes,Ash,Yes,Never (0 times),Never (0 times),Never (0 times),Never (0 times),Never (0 times),Never (0 times),Never (0 times),Never (0 times),Never (0 times),Never (0 times),Never (0 times),Never (0 times),0,No-to-marginal,35,0,0,1,0,80,8,1
helvetas08-DA2ZRG,17.06.2025,Endline,Memba,Lusaka,Female,4,Borehole with handpump,Improved,Yes,20 liter,,5,,,,5,30,No,No,,Satistfied,,Latrine/toilet,Yes,Ash,Yes,Never (0 times),Never (0 times),Never (0 times),Never (0 times),Never (0 times),Never (0 times),Never (0 times),Never (0 times),Never (0 times),Never (0 times),Never (0 times),Never (0 times),0,No-to-marginal,40,0,0,1,0,100,25,1
helvetas01-DA2ZTB,17.06.2025,Endline,Memba,Lusaka,Female,4,Borehole with handpump,Improved,Yes,"20 liter, 10 liter, 25 liter",2,2,,1,,5,30,No,No,,Satistfied,,Latrine/toilet,Yes,Ash,No,Never (0 times),Never (0 times),Never (0 times),Never (0 times),Never (0 times),Never (0 times),Never (0 times),Never (0 times),Never (0 times),Never (0 times),Never (0 times),Never (0 times),0,No-to-marginal,40,0,0,1,0,100,25,0
helvetas05-DA2ZWT,17.06.2025,Endline,Memba,Lusaka,Female,4,Borehole with handpump,Improved,Yes,20 liter,,2,,,,15,20,No,No,,Satistfied,,Latrine/toilet,Yes,Ash,Yes,Never (0 times),Never (0 times),Never (0 times),Never (0 times),Never (0 times),Never (0 times),Never (0 times),Never (0 times),Never (0 times),Never (0 times),Never (0 times),Never (0 times),0,No-to-marginal,50,0,0,1,0,40,10,1
helvetas02-DA2ZFF,24.06.2025,Endline,Memba,Lusaka,Female,4,Borehole with handpump,Improved,Yes,20 liter,,5,,,,5,60,No,No,,Satistfied,,Latrine/toilet,Yes,Ash,Yes,Never (0 times),Never (0 times),Never (0 times),Never (0 times),Never (0 times),Never (0 times),Never (0 times),Never (0 times),Never (0 times),Never (0 times),Never (0 times),Never (0 times),0,No-to-marginal,70,0,0,1,0,100,25,1
helvetas04-DA2ZYF,17.06.2025,Endline,Memba,Lusaka,Female,7,Borehole with handpump,Improved,Yes,"20 liter, 10 liter",,2,,1,,15,40,No,No,,Satistfied,,Latrine/toilet,Yes,Soap,Yes,Never (0 times),Never (0 times),Never (0 times),Never (0 times),Never (0 times),Never (0 times),Never (0 times),Never (0 times),Never (0 times),Never (0 times),Never (0 times),Never (0 times),0,No-to-marginal,70,0,0,1,0,50,7,1
helvetas04-DA2ZHL,17.06.2025,Endline,Memba,Lusaka,Female,6,Borehole with handpump,Improved,Yes,20 liter,,5,,,,5,60,No,No,,Satistfied,,Latrine/toilet,Yes,Soap,Yes,Never (0 times),Never (0 times),Never (0 times),Never (0 times),Never (0 times),Never (0 times),Never (0 times),Never (0 times),Never (0 times),Never (0 times),Never (0 times),Never (0 times),0,No-to-marginal,70,0,0,1,0,100,17,1
helvetas05-DAJUVB,23.06.2025,Endline,Larde,Macuire,Female,3,Borehole with handpump,Improved,Yes,20 liter,,1,,,,10,20,No,No,,Satistfied,,Latrine/toilet,Yes,Ash,Yes,Never (0 times),Never (0 times),Never (0 times),Never (0 times),Never (0 times),Never (0 times),Never (0 times),Never (0 times),Never (0 times),Never (0 times),Never (0 times),Never (0 times),0,No-to-marginal,40,0,0,1,0,20,7,1
helvetas05-DAJWCC,23.06.2025,Endline,Larde,Macuire,Female,8,Borehole with handpump,Improved,Yes,20 liter,,1,,,,10,15,No,No,,Satistfied,,Latrine/toilet,Yes,Soap,Yes,Never (0 times),Never (0 times),Never (0 times),Never (0 times),Never (0 times),Never (0 times),Never (0 times),Never (0 times),Never (0 times),Never (0 times),Never (0 times),Never (0 times),0,No-to-marginal,35,0,0,1,0,20,3,1
helvetas04-DAJW4K,23.06.2025,Endline,Larde,Macuire,Male,5,Borehole with handpump,Improved,Yes,20 liter,,4,,,,30,45,No,No,,Satistfied,,Latrine/toilet,Yes,Soap,Yes,Sometimes (3-10 times),Rarely (1-2 times),Rarely (1-2 times),Never (0 times),Rarely (1-2 times),Rarely (1-2 times),Never (0 times),Rarely (1-2 times),Rarely (1-2 times),Never (0 times),Rarely (1-2 times),Rarely (1-2 times),10,Low,105,0,0,1,0,80,16,1
helvetas03-DA5QDA,18.06.2025,Endline,Memba,Matata,Female,11,Borehole with handpump,Improved,Yes,"20 liter, 10 liter",,3,,2,,8,90,No,No,,Satistfied,,Latrine/toilet,Yes,Ash,Yes,Never (0 times),Never (0 times),Never (0 times),Rarely (1-2 times),Rarely (1-2 times),Rarely (1-2 times),Never (0 times),Never (0 times),Never (0 times),Never (0 times),Never (0 times),Never (0 times),3,Low,106,0,0,1,0,80,7,1
helvetas01-DA5Q3E,18.06.2025,Endline,Memba,Matata,Female,5,Borehole with handpump,Improved,Yes,"20 liter, 10 liter",,3,,2,,1,45,No,No,,Satistfied,,Latrine/toilet,Yes,Ash,Yes,Never (0 times),Never (0 times),Never (0 times),Never (0 times),Never (0 times),Never (0 times),Never (0 times),Never (0 times),Never (0 times),Never (0 times),Never (0 times),Never (0 times),0,No-to-marginal,47,0,0,1,0,80,16,1
helvetas03-DA5Q4B,18.06.2025,Endline,Memba,Matata,Female,4,Borehole with handpump,Improved,Yes,10 liter,,,,4,,5,60,No,No,,Satistfied,,Latrine/toilet,Yes,Ash,Yes,Rarely (1-2 times),Never (0 times),Rarely (1-2 times),Never (0 times),Never (0 times),Never (0 times),Never (0 times),Never (0 times),Never (0 times),Never (0 times),Never (0 times),Never (0 times),2,No-to-marginal,70,0,0,1,0,40,10,1
helvetas08-DA5Q6E,18.06.2025,Endline,Memba,Matata,Female,10,Borehole with handpump,Improved,Yes,"20 liter, 10 liter",,3,,4,,10,30,No,No,,Satistfied,,Latrine/toilet,Yes,Ash,Yes,Never (0 times),Never (0 times),Never (0 times),Never (0 times),Never (0 times),Never (0 times),Never (0 times),Never (0 times),Never (0 times),Never (0 times),Never (0 times),Never (0 times),0,No-to-marginal,50,0,0,1,0,100,10,1
helvetas05-DA5PQN,18.06.2025,Endline,Memba,Matata,Female,3,Borehole with handpump,Improved,Yes,10 liter,,,,2,,10,15,No,No,,Satistfied,,Latrine/toilet,Yes,Ash,Yes,Never (0 times),Never (0 times),Never (0 times),Never (0 times),Never (0 times),Never (0 times),Never (0 times),Never (0 times),Never (0 times),Never (0 times),Never (0 times),Never (0 times),0,No-to-marginal,35,0,0,1,0,20,7,1
helvetas01-DA5QFN,18.06.2025,Endline,Memba,Matata,Female,5,Borehole with handpump,Improved,Yes,20 liter,,4,,,,15,20,No,No,,Satistfied,,In the open/no sanitation facilities,Yes,Ash,Yes,Never (0 times),Never (0 times),Never (0 times),Never (0 times),Never (0 times),Never (0 times),Never (0 times),Never (0 times),Never (0 times),Never (0 times),Never (0 times),Never (0 times),0,No-to-marginal,50,0,0,1,0,80,16,1
helvetas08-DA5QMF,18.06.2025,Endline,Memba,Matata,Female,7,Borehole with handpump,Improved,Yes,20 liter,,4,,,,15,30,No,No,,Satistfied,,Latrine/toilet,Yes,Ash,Yes,Never (0 times),Never (0 times),Never (0 times),Never (0 times),Never (0 times),Never (0 times),Never (0 times),Never (0 times),Never (0 times),Never (0 times),Never (0 times),Never (0 times),0,No-to-marginal,60,0,0,1,0,80,11,1
helvetas04-DA5QH9,18.06.2025,Endline,Memba,Matata,Female,5,Borehole with handpump,Improved,Yes,20 liter,,4,,,,7,20,No,Yes,Yes,Satistfied,,Latrine/toilet,Yes,Soap,Yes,Never (0 times),Never (0 times),Never (0 times),Never (0 times),Never (0 times),Never (0 times),Never (0 times),Never (0 times),Never (0 times),Never (0 times),Never (0 times),Never (0 times),0,No-to-marginal,34,0,0,1,0,80,16,1
helvetas04-DA5Q3U,18.06.2025,Endline,Memba,Matata,Female,6,Borehole with handpump,Improved,No,,,,,,,15,10,No,Yes,Yes,Satistfied,,Latrine/toilet,Yes,Ash,Yes,Never (0 times),Never (0 times),Never (0 times),Never (0 times),Never (0 times),Never (0 times),Never (0 times),Never (0 times),Never (0 times),Never (0 times),Never (0 times),Never (0 times),0,No-to-marginal,40,0,0,1,0,0,0,1
helvetas01-CQ9WLM,13.11.2024,Baseline,Memba,Miaja,Female,5,Borehole with handpump,Improved,Yes,15 liter,,,3,,,60,90,Yes,No,,Not Satisfied,Long lines,In the open/no sanitation facilities,Yes,Soap,Yes,Sometimes (3-10 times),Sometimes (3-10 times),Sometimes (3-10 times),Sometimes (3-10 times),Sometimes (3-10 times),Sometimes (3-10 times),Sometimes (3-10 times),Sometimes (3-10 times),Sometimes (3-10 times),Sometimes (3-10 times),Sometimes (3-10 times),Rarely (1-2 times),23,Moderate,210,0,0,1,0,45,9,1
helvetas01-CQ9WZ3,13.11.2024,Baseline,Memba,Miaja,Female,3,Borehole with handpump,Improved,Yes,"20 liter, 15 liter",,2,2,,,50,120,Yes,No,,Not Satisfied,It is too expensive,In the open/no sanitation facilities,Yes,Ash,Yes,Rarely (1-2 times),Rarely (1-2 times),Sometimes (3-10 times),Sometimes (3-10 times),Sometimes (3-10 times),Sometimes (3-10 times),Sometimes (3-10 times),Sometimes (3-10 times),Rarely (1-2 times),Sometimes (3-10 times),Rarely (1-2 times),Sometimes (3-10 times),20,Moderate,220,0,0,1,0,70,23,1
helvetas01-CQ9XJE,13.11.2024,Baseline,Memba,Miaja,Female,7,Borehole with handpump,Improved,Yes,20 liter,,6,,,,20,90,Yes,No,,Not Satisfied,Other (please specify),In the open/no sanitation facilities,Yes,Ash,Yes,Sometimes (3-10 times),Sometimes (3-10 times),Sometimes (3-10 times),Sometimes (3-10 times),Sometimes (3-10 times),Rarely (1-2 times),Sometimes (3-10 times),Sometimes (3-10 times),Rarely (1-2 times),Sometimes (3-10 times),Sometimes (3-10 times),Sometimes (3-10 times),22,Moderate,130,0,0,1,0,120,17,1
helvetas03-CQ9Y5N,13.11.2024,Baseline,Memba,Miaja,Female,6,Borehole with handpump,Improved,Yes,20 liter,,5,,,,20,120,Yes,No,,Not Satisfied,Long lines,Latrine/toilet,Yes,Ash,No,Often (11-20 times),Often (11-20 times),Sometimes (3-10 times),Sometimes (3-10 times),Often (11-20 times),Often (11-20 times),Often (11-20 times),Often (11-20 times),Always (more than 20 times),Sometimes (3-10 times),Often (11-20 times),Always (more than 20 times),33,High,160,0,0,1,0,100,17,0
helvetas02-CQ9XEH,13.11.2024,Baseline,Memba,Miaja,Female,5,Borehole with handpump,Improved,Yes,20 liter,,2,,,,20,60,No,No,,Not Satisfied,Long lines,Latrine/toilet,Yes,Soap,Yes,Sometimes (3-10 times),Never (0 times),Never (0 times),Never (0 times),Rarely (1-2 times),Sometimes (3-10 times),Often (11-20 times),Sometimes (3-10 times),Often (11-20 times),Never (0 times),Rarely (1-2 times),Sometimes (3-10 times),16,Moderate,100,0,0,1,0,40,8,1
helvetas02-CQ9WPW,13.11.2024,Baseline,Memba,Miaja,Female,4,Borehole with handpump,Improved,Yes,20 liter,,1,,,,20,180,No,No,,Not Satisfied,Long lines,Latrine/toilet,Yes,Ash,Yes,Often (11-20 times),Never (0 times),Often (11-20 times),Sometimes (3-10 times),Sometimes (3-10 times),Often (11-20 times),Often (11-20 times),Often (11-20 times),Often (11-20 times),Sometimes (3-10 times),Often (11-20 times),Often (11-20 times),30,High,220,0,0,1,0,20,5,1
helvetas01-DA34EH,17.06.2025,Endline,Memba,Miaja,Female,8,Borehole with handpump,Improved,Yes,"25 liter, 20 liter",2,2,,,,8,20,No,No,,Satistfied,,In the open/no sanitation facilities,No,,,Never (0 times),Never (0 times),Never (0 times),Never (0 times),Never (0 times),Never (0 times),Never (0 times),Never (0 times),Never (0 times),Never (0 times),Never (0 times),Never (0 times),0,No-to-marginal,36,0,0,1,0,90,11,0
helvetas08-DA345X,17.06.2025,Endline,Memba,Miaja,Female,7,Borehole with handpump,Improved,Yes,20 liter,,3,,,,10,20,No,No,,Satistfied,,Latrine/toilet,Yes,Ash,Yes,Never (0 times),Never (0 times),Never (0 times),Never (0 times),Never (0 times),Never (0 times),Never (0 times),Never (0 times),Never (0 times),Never (0 times),Never (0 times),Never (0 times),0,No-to-marginal,40,0,0,1,0,60,9,1
helvetas05-DA3429,17.06.2025,Endline,Memba,Miaja,Female,5,Borehole with handpump,Improved,Yes,"20 liter, 10 liter",,1,,1,,15,20,No,No,,Satistfied,,Latrine/toilet,Yes,Ash,Yes,Never (0 times),Never (0 times),Never (0 times),Never (0 times),Never (0 times),Never (0 times),Never (0 times),Never (0 times),Never (0 times),Never (0 times),Never (0 times),Never (0 times),0,No-to-marginal,50,0,0,1,0,30,6,1
helvetas08-DA34KX,17.06.2025,Endline,Memba,Miaja,Female,3,Borehole with handpump,Improved,Yes,20 liter,,5,,,,15,40,No,No,,Satistfied,,Latrine/toilet,Yes,Ash,Yes,Never (0 times),Never (0 times),Never (0 times),Never (0 times),Never (0 times),Never (0 times),Never (0 times),Never (0 times),Never (0 times),Never (0 times),Never (0 times),Never (0 times),0,No-to-marginal,70,0,0,1,0,100,33,1
helvetas02-DA344F,17.06.2025,Endline,Memba,Miaja,Female,7,Borehole with handpump,Improved,Yes,20 liter,,5,,,,10,20,No,No,,Satistfied,,Latrine/toilet,Yes,Soap,Yes,Never (0 times),Never (0 times),Never (0 times),Never (0 times),Never (0 times),Never (0 times),Never (0 times),Never (0 times),Never (0 times),Never (0 times),Never (0 times),Never (0 times),0,No-to-marginal,40,0,0,1,0,100,14,1
helvetas08-DA355B,17.06.2025,Endline,Memba,Miaja,Female,6,Borehole with handpump,Improved,Yes,"20 liter, 10 liter",,3,,2,,10,30,No,No,,Satistfied,,Latrine/toilet,Yes,Ash,Yes,Never (0 times),Never (0 times),Never (0 times),Never (0 times),Never (0 times),Never (0 times),Never (0 times),Never (0 times),Never (0 times),Never (0 times),Never (0 times),Never (0 times),0,No-to-marginal,50,0,0,1,0,80,13,1
helvetas04-DA34KN,17.06.2025,Endline,Memba,Miaja,Female,6,Borehole with handpump,Improved,Yes,20 liter,,3,,,,14,30,No,No,,Satistfied,,Latrine/toilet,Yes,Soap,Yes,Never (0 times),Never (0 times),Never (0 times),Never (0 times),Never (0 times),Never (0 times),Never (0 times),Never (0 times),Never (0 times),Never (0 times),Never (0 times),Never (0 times),0,No-to-marginal,58,0,0,1,0,60,10,1
helvetas05-DA34SH,17.06.2025,Endline,Memba,Miaja,Female,6,Borehole with handpump,Improved,Yes,20 liter,,4,,,,20,25,No,No,,Satistfied,,Latrine/toilet,Yes,Soap,Yes,Never (0 times),Never (0 times),Never (0 times),Never (0 times),Never (0 times),Never (0 times),Never (0 times),Never (0 times),Never (0 times),Never (0 times),Never (0 times),Never (0 times),0,No-to-marginal,65,0,0,1,0,80,13,1
helvetas05-CQK6YA,17.11.2024,Baseline,Moma,Mieie,Male,3,Borehole with handpump,Improved,Yes,20 liter,,2,,,,60,40,Yes,Yes,Yes,Not Satisfied,It is too far away,In the open/no sanitation facilities,Yes,Ash,Yes,Often (11-20 times),Sometimes (3-10 times),Sometimes (3-10 times),Sometimes (3-10 times),Sometimes (3-10 times),Sometimes (3-10 times),Sometimes (3-10 times),Sometimes (3-10 times),Often (11-20 times),Sometimes (3-10 times),Sometimes (3-10 times),Often (11-20 times),27,High,160,0,0,1,0,40,13,1
helvetas05-DAAVBH,20.06.2025,Endline,Moma,Mieie,Female,5,Borehole with handpump,Improved,Yes,20 liter,,1,,,,10,20,No,No,,Satistfied,,In the open/no sanitation facilities,Yes,Ash,Yes,Never (0 times),Never (0 times),Never (0 times),Never (0 times),Never (0 times),Never (0 times),Never (0 times),Never (0 times),Never (0 times),Never (0 times),Never (0 times),Never (0 times),0,No-to-marginal,40,0,0,1,0,20,4,1
helvetas05-DAAVWP,20.06.2025,Endline,Moma,Mieie,Female,3,Borehole with handpump,Improved,Yes,20 liter,,1,,,,30,35,No,No,,Satistfied,,In the open/no sanitation facilities,Yes,Ash,Yes,Never (0 times),Never (0 times),Never (0 times),Never (0 times),Never (0 times),Never (0 times),Never (0 times),Never (0 times),Never (0 times),Never (0 times),Never (0 times),Never (0 times),0,No-to-marginal,95,0,0,1,0,20,7,1
helvetas04-DAAVKF,20.06.2025,Endline,Moma,Mieie,Female,5,Borehole with handpump,Improved,Yes,20 liter,,2,,,,15,5,No,No,,Satistfied,,Latrine/toilet,Yes,Soap,Yes,Never (0 times),Never (0 times),Never (0 times),Never (0 times),Never (0 times),Never (0 times),Never (0 times),Never (0 times),Never (0 times),Never (0 times),Never (0 times),Never (0 times),0,No-to-marginal,35,0,0,1,0,40,8,1
helvetas03-CQ9R2Z,13.11.2024,Baseline,Memba,Monapo,Female,4,Borehole with handpump,Improved,Yes,20 liter,,5,,,,30,120,No,No,,Not Satisfied,It is too far away,In the open/no sanitation facilities,Yes,Soap,No,Sometimes (3-10 times),Rarely (1-2 times),Often (11-20 times),Always (more than 20 times),Sometimes (3-10 times),Sometimes (3-10 times),Sometimes (3-10 times),Sometimes (3-10 times),Often (11-20 times),Often (11-20 times),Sometimes (3-10 times),Sometimes (3-10 times),27,High,180,0,0,1,0,100,25,0
helvetas03-CQ9RKH,13.11.2024,Baseline,Memba,Monapo,Female,7,Borehole with handpump,Improved,Yes,"20 liter, 10 liter",,5,,2,,40,90,No,No,,Not Satisfied,Long lines,Latrine/toilet,Yes,Soap,Yes,Often (11-20 times),Never (0 times),Sometimes (3-10 times),Sometimes (3-10 times),Sometimes (3-10 times),Sometimes (3-10 times),Sometimes (3-10 times),Rarely (1-2 times),Rarely (1-2 times),Rarely (1-2 times),Often (11-20 times),Sometimes (3-10 times),21,Moderate,170,0,0,1,0,120,17,1
helvetas02-CQ9THZ,13.11.2024,Baseline,Memba,Monapo,Female,3,Borehole with handpump,Improved,Yes,20 liter,,1,,,,20,240,No,No,,Not Satisfied,It is too far away,Latrine/toilet,Yes,None shown,Yes,Sometimes (3-10 times),Never (0 times),Sometimes (3-10 times),Rarely (1-2 times),Never (0 times),Rarely (1-2 times),Never (0 times),Sometimes (3-10 times),Sometimes (3-10 times),Sometimes (3-10 times),Sometimes (3-10 times),Rarely (1-2 times),15,Moderate,280,0,0,1,0,20,7,0
helvetas02-CQ9RYQ,13.11.2024,Baseline,Memba,Monapo,Female,4,Borehole with handpump,Improved,Yes,20 liter,,3,,,,35,60,No,No,,Not Satisfied,It is too far away,Latrine/toilet,Yes,Ash,Yes,Sometimes (3-10 times),Never (0 times),Sometimes (3-10 times),Sometimes (3-10 times),Sometimes (3-10 times),Sometimes (3-10 times),Sometimes (3-10 times),Sometimes (3-10 times),Often (11-20 times),Never (0 times),Sometimes (3-10 times),Rarely (1-2 times),20,Moderate,130,0,0,1,0,60,15,1
helvetas02-CQ9UAV,13.11.2024,Baseline,Memba,Monapo,Female,4,Borehole with handpump,Improved,Yes,20 liter,,5,,,,10,60,No,No,,Not Satisfied,It is too far away,Latrine/toilet,Yes,Soap,Yes,Often (11-20 times),Never (0 times),Never (0 times),Rarely (1-2 times),Never (0 times),Never (0 times),Never (0 times),Rarely (1-2 times),Rarely (1-2 times),Never (0 times),Rarely (1-2 times),Rarely (1-2 times),8,Low,80,0,0,1,0,100,25,1
helvetas01-CQ9R6P,13.11.2024,Baseline,Memba,Monapo,Female,5,Borehole with handpump,Improved,Yes,20 liter,,6,,,,20,40,Yes,No,,Not Satisfied,Long lines,In the open/no sanitation facilities,Yes,Soap,Yes,Sometimes (3-10 times),Sometimes (3-10 times),Rarely (1-2 times),Sometimes (3-10 times),Sometimes (3-10 times),Sometimes (3-10 times),Sometimes (3-10 times),Rarely (1-2 times),Sometimes (3-10 times),Sometimes (3-10 times),Sometimes (3-10 times),Sometimes (3-10 times),22,Moderate,80,0,0,1,0,120,24,1
helvetas01-CQ9RUU,13.11.2024,Baseline,Memba,Monapo,Female,5,Borehole with handpump,Improved,Yes,20 liter,,5,,,,20,90,Yes,No,,Not Satisfied,Long lines,In the open/no sanitation facilities,Yes,Soap,Yes,Sometimes (3-10 times),Sometimes (3-10 times),Sometimes (3-10 times),Sometimes (3-10 times),Sometimes (3-10 times),Rarely (1-2 times),Sometimes (3-10 times),Sometimes (3-10 times),Sometimes (3-10 times),Sometimes (3-10 times),Sometimes (3-10 times),Sometimes (3-10 times),23,Moderate,130,0,0,1,0,100,20,1
helvetas01-CQ9SKX,13.11.2024,Baseline,Memba,Monapo,Female,3,Borehole with handpump,Improved,Yes,15 liter,,,4,,,20,60,Yes,No,,Not Satisfied,It is too expensive,In the open/no sanitation facilities,Yes,Soap,Yes,Sometimes (3-10 times),Often (11-20 times),Rarely (1-2 times),Rarely (1-2 times),Sometimes (3-10 times),Sometimes (3-10 times),Sometimes (3-10 times),Sometimes (3-10 times),Sometimes (3-10 times),Sometimes (3-10 times),Sometimes (3-10 times),Sometimes (3-10 times),23,Moderate,100,0,0,1,0,60,20,1
helvetas08-DA378W,17.06.2025,Endline,Memba,Monapo,Female,5,Borehole with handpump,Improved,Yes,20 liter,,3,,,,20,30,No,No,,Satistfied,,Latrine/toilet,Yes,Ash,Yes,Never (0 times),Never (0 times),Never (0 times),Never (0 times),Never (0 times),Never (0 times),Never (0 times),Never (0 times),Never (0 times),Never (0 times),Never (0 times),Never (0 times),0,No-to-marginal,70,0,0,1,0,60,12,1
helvetas05-DA376W,17.06.2025,Endline,Memba,Monapo,Female,7,Borehole with handpump,Improved,Yes,20 liter,,3,,,,15,20,No,No,,Satistfied,,In the open/no sanitation facilities,Yes,Ash,Yes,Never (0 times),Never (0 times),Never (0 times),Never (0 times),Never (0 times),Never (0 times),Never (0 times),Never (0 times),Never (0 times),Never (0 times),Never (0 times),Never (0 times),0,No-to-marginal,50,0,0,1,0,60,9,1
helvetas04-DA373R,17.06.2025,Endline,Memba,Monapo,Female,10,Borehole with handpump,Improved,Yes,20 liter,,7,,,,20,50,No,No,,Satistfied,,Latrine/toilet,Yes,Ash,Yes,Never (0 times),Never (0 times),Never (0 times),Never (0 times),Never (0 times),Never (0 times),Never (0 times),Never (0 times),Never (0 times),Never (0 times),Never (0 times),Never (0 times),0,No-to-marginal,90,0,0,1,0,140,14,1
helvetas04-DA36KD,17.06.2025,Endline,Memba,Monapo,Female,5,Borehole with handpump,Improved,Yes,"20 liter, 10 liter",,3,,1,,10,30,No,No,,Satistfied,,Latrine/toilet,Yes,Ash,Yes,Never (0 times),Never (0 times),Never (0 times),Never (0 times),Never (0 times),Never (0 times),Never (0 times),Never (0 times),Never (0 times),Never (0 times),Never (0 times),Never (0 times),0,No-to-marginal,50,0,0,1,0,70,14,1
helvetas01-DA36LV,17.06.2025,Endline,Memba,Monapo,Male,8,Borehole with handpump,Improved,Yes,20 liter,,6,,,,10,50,No,No,,Satistfied,,Latrine/toilet,Yes,Soap,Yes,Never (0 times),Never (0 times),Never (0 times),Never (0 times),Never (0 times),Never (0 times),Never (0 times),Never (0 times),Never (0 times),Never (0 times),Never (0 times),Never (0 times),0,No-to-marginal,70,0,0,1,0,120,15,1
helvetas05-DA36JT,17.06.2025,Endline,Memba,Monapo,Female,5,Borehole with handpump,Improved,Yes,20 liter,,5,,,,15,20,No,No,,Satistfied,,Latrine/toilet,Yes,Soap,Yes,Never (0 times),Never (0 times),Never (0 times),Never (0 times),Never (0 times),Never (0 times),Never (0 times),Never (0 times),Never (0 times),Never (0 times),Never (0 times),Never (0 times),0,No-to-marginal,50,0,0,1,0,100,20,1
helvetas01-DA36ZA,17.06.2025,Endline,Memba,Monapo,Female,5,Borehole with handpump,Improved,Yes,20 liter,,4,,,,10,30,No,No,,Satistfied,,In the open/no sanitation facilities,Yes,Ash,Yes,Never (0 times),Never (0 times),Never (0 times),Never (0 times),Never (0 times),Never (0 times),Never (0 times),Never (0 times),Never (0 times),Never (0 times),Never (0 times),Never (0 times),0,No-to-marginal,50,0,0,1,0,80,16,1
helvetas05-DAMS8M,24.06.2025,Endline,Larde,Mpaheia ,Female,5,Borehole with handpump,Improved,Yes,20 liter,,2,,,,10,20,No,No,,Satistfied,,Latrine/toilet,Yes,Ash,Yes,Never (0 times),Never (0 times),Never (0 times),Never (0 times),Never (0 times),Never (0 times),Never (0 times),Never (0 times),Never (0 times),Never (0 times),Never (0 times),Never (0 times),0,No-to-marginal,40,0,0,1,0,40,8,1
helvetas05-DAMSMS,24.06.2025,Endline,Larde,Mpaheia ,Female,7,Borehole with handpump,Improved,Yes,"20 liter, 10 liter",,1,,2,,15,20,No,No,,Satistfied,,Latrine/toilet,Yes,Soap,Yes,Never (0 times),Never (0 times),Never (0 times),Never (0 times),Never (0 times),Never (0 times),Never (0 times),Never (0 times),Never (0 times),Never (0 times),Never (0 times),Never (0 times),0,No-to-marginal,50,0,0,1,0,40,6,1
helvetas05-DAMSZ2,24.06.2025,Endline,Larde,Mpaheia ,Female,6,Borehole with handpump,Improved,Yes,"20 liter, 10 liter",,1,,1,,10,20,No,No,,Satistfied,,Latrine/toilet,Yes,Ash,Yes,Never (0 times),Never (0 times),Never (0 times),Never (0 times),Never (0 times),Never (0 times),Never (0 times),Never (0 times),Never (0 times),Never (0 times),Never (0 times),Never (0 times),0,No-to-marginal,40,0,0,1,0,30,5,1
helvetas01-DAMSKT,24.06.2025,Endline,Larde,Mpaheia ,Female,3,Borehole with handpump,Improved,Yes,"20 liter, 15 liter",,2,3,,,10,40,No,No,,Satistfied,,Latrine/toilet,Yes,Soap,Yes,Never (0 times),Never (0 times),Never (0 times),Never (0 times),Never (0 times),Never (0 times),Never (0 times),Never (0 times),Never (0 times),Never (0 times),Never (0 times),Never (0 times),0,No-to-marginal,60,0,0,1,0,85,28,1
helvetas01-DAMSB8,24.06.2025,Endline,Larde,Mpaheia ,Female,8,Borehole with handpump,Improved,Yes,"20 liter, 15 liter, 10 liter",,3,2,2,,20,45,No,No,,Satistfied,,Latrine/toilet,Yes,Soap,Yes,Never (0 times),Never (0 times),Never (0 times),Never (0 times),Never (0 times),Never (0 times),Never (0 times),Never (0 times),Never (0 times),Never (0 times),Never (0 times),Never (0 times),0,No-to-marginal,85,0,0,1,0,110,14,1
helvetas01-DAMS25,24.06.2025,Endline,Larde,Mpaheia ,Female,3,Borehole with handpump,Improved,Yes,"25 liter, 20 liter",4,3,,,,5,30,No,No,,Satistfied,,Latrine/toilet,Yes,Soap,Yes,Never (0 times),Never (0 times),Never (0 times),Never (0 times),Never (0 times),Never (0 times),Never (0 times),Never (0 times),Never (0 times),Never (0 times),Never (0 times),Never (0 times),0,No-to-marginal,40,0,0,1,0,160,53,1
helvetas04-DAMS9D,24.06.2025,Endline,Larde,Mpaheia ,Female,3,Borehole with handpump,Improved,Yes,"20 liter, 10 liter",,2,,1,,10,20,No,No,,Satistfied,,Latrine/toilet,Yes,Ash,Yes,Never (0 times),Never (0 times),Never (0 times),Never (0 times),Never (0 times),Never (0 times),Never (0 times),Never (0 times),Never (0 times),Never (0 times),Never (0 times),Never (0 times),0,No-to-marginal,40,0,0,1,0,50,17,1
helvetas01-DALDU5,23.06.2025,Endline,Larde,Namichir,Female,6,Borehole with handpump,Improved,Yes,"15 liter, 20 liter",,3,2,,,30,45,No,No,,Satistfied,,Latrine/toilet,Yes,Soap,Yes,Never (0 times),Never (0 times),Never (0 times),Never (0 times),Never (0 times),Never (0 times),Never (0 times),Never (0 times),Never (0 times),Never (0 times),Never (0 times),Never (0 times),0,No-to-marginal,105,0,0,1,0,90,15,1
helvetas02-DALDFD,24.06.2025,Endline,Larde,Namichir,Female,3,Borehole with handpump,Improved,Yes,20 liter,,5,,,,2,30,No,No,,Satistfied,,Latrine/toilet,Yes,Soap,Yes,Never (0 times),Never (0 times),Never (0 times),Never (0 times),Never (0 times),Never (0 times),Never (0 times),Never (0 times),Never (0 times),Never (0 times),Never (0 times),Never (0 times),0,No-to-marginal,34,0,0,1,0,100,33,1
helvetas08-DALDL5,23.06.2025,Endline,Larde,Namichir,Female,5,Borehole with handpump,Improved,Yes,10 liter,,,,3,,4,40,No,No,,Satistfied,,Latrine/toilet,Yes,Ash,Yes,Never (0 times),Never (0 times),Never (0 times),Never (0 times),Never (0 times),Never (0 times),Never (0 times),Never (0 times),Never (0 times),Never (0 times),Never (0 times),Never (0 times),0,No-to-marginal,48,0,0,1,0,30,6,1
helvetas08-DALDXX,23.06.2025,Endline,Larde,Namichir,Female,4,Borehole with handpump,Improved,Yes,20 liter,,3,,,,3,40,No,No,,Satistfied,,In the open/no sanitation facilities,Yes,Ash,Yes,Never (0 times),Never (0 times),Never (0 times),Never (0 times),Never (0 times),Never (0 times),Never (0 times),Never (0 times),Never (0 times),Never (0 times),Never (0 times),Never (0 times),0,No-to-marginal,46,0,0,1,0,60,15,1
helvetas02-DALDU8,23.06.2025,Endline,Larde,Namichir,Female,7,Borehole with handpump,Improved,Yes,20 liter,,5,,,,5,40,No,No,,Satistfied,,Latrine/toilet,Yes,Other cleanser or detergent,Yes,Never (0 times),Never (0 times),Never (0 times),Never (0 times),Never (0 times),Never (0 times),Never (0 times),Never (0 times),Never (0 times),Never (0 times),Never (0 times),Never (0 times),0,No-to-marginal,50,0,0,1,0,100,14,0
helvetas01-DALDFU,23.06.2025,Endline,Larde,Namichir,Female,6,Borehole with handpump,Improved,Yes,"20 liter, 10 liter",,2,,4,,25,45,No,No,,Satistfied,,Latrine/toilet,Yes,Soap,Yes,Never (0 times),Never (0 times),Never (0 times),Never (0 times),Never (0 times),Never (0 times),Never (0 times),Never (0 times),Never (0 times),Never (0 times),Never (0 times),Never (0 times),0,No-to-marginal,95,0,0,1,0,80,13,1
helvetas03-DALDGV,23.06.2025,Endline,Larde,Namichir,Female,8,Borehole with handpump,Improved,Yes,20 liter,,2,,,,5,30,No,No,,Satistfied,,Latrine/toilet,Yes,Soap,Yes,Never (0 times),Never (0 times),Never (0 times),Never (0 times),Never (0 times),Never (0 times),Never (0 times),Never (0 times),Never (0 times),Never (0 times),Never (0 times),Never (0 times),0,No-to-marginal,40,0,0,1,0,40,5,1
helvetas05-DALDB9,23.06.2025,Endline,Larde,Namichir,Female,5,Borehole with handpump,Improved,Yes,20 liter,,2,,,,8,15,No,No,,Satistfied,,Latrine/toilet,Yes,Soap,Yes,Never (0 times),Never (0 times),Never (0 times),Never (0 times),Never (0 times),Never (0 times),Never (0 times),Never (0 times),Never (0 times),Never (0 times),Never (0 times),Never (0 times),0,No-to-marginal,31,0,0,1,0,40,8,1
helvetas08-DALADH,23.06.2025,Endline,Larde,Namichir,Female,8,Borehole with handpump,Improved,Yes,20 liter,,3,,,,3,30,No,No,,Not Satisfied,Water tastes bad,Latrine/toilet,Yes,Ash,Yes,Never (0 times),Never (0 times),Never (0 times),Never (0 times),Never (0 times),Never (0 times),Never (0 times),Never (0 times),Never (0 times),Never (0 times),Never (0 times),Never (0 times),0,No-to-marginal,36,0,0,1,0,60,8,1
helvetas08-DALAT8,23.06.2025,Endline,Larde,Namichir,Female,6,Borehole with handpump,Improved,Yes,20 liter,,3,,,,6,25,No,No,,Not Satisfied,Water tastes bad,Latrine/toilet,Yes,Ash,Yes,Rarely (1-2 times),Never (0 times),Never (0 times),Never (0 times),Never (0 times),Never (0 times),Never (0 times),Never (0 times),Rarely (1-2 times),Never (0 times),Never (0 times),Never (0 times),2,No-to-marginal,37,0,0,1,0,60,10,1
helvetas01-DALAEW,23.06.2025,Endline,Larde,Namichir,Female,4,Borehole with handpump,Improved,Yes,"20 liter, 15 liter",,4,2,,,35,20,No,No,,Satistfied,,Latrine/toilet,Yes,Soap,Yes,Never (0 times),Never (0 times),Never (0 times),Never (0 times),Never (0 times),Never (0 times),Never (0 times),Never (0 times),Never (0 times),Never (0 times),Never (0 times),Never (0 times),0,No-to-marginal,90,0,0,1,0,110,28,1
helvetas05-DALAB6,23.06.2025,Endline,Larde,Namichir,Female,6,Borehole with handpump,Improved,Yes,20 liter,,3,,,,15,25,No,No,,Satistfied,,Latrine/toilet,Yes,Soap,Yes,Never (0 times),Never (0 times),Never (0 times),Never (0 times),Never (0 times),Never (0 times),Never (0 times),Never (0 times),Never (0 times),Never (0 times),Never (0 times),Never (0 times),0,No-to-marginal,55,0,0,1,0,60,10,1
helvetas04-DALAVF,23.06.2025,Endline,Larde,Namichir,Female,1,Borehole with handpump,Improved,Yes,20 liter,,2,,,,15,8,No,No,,Satistfied,,Latrine/toilet,Yes,None shown,Yes,Never (0 times),Never (0 times),Never (0 times),Never (0 times),Never (0 times),Never (0 times),Never (0 times),Never (0 times),Never (0 times),Never (0 times),Never (0 times),Never (0 times),0,No-to-marginal,38,0,0,1,0,40,40,0
helvetas05-DALAVK,23.06.2025,Endline,Larde,Namichir,Female,3,Borehole with handpump,Improved,Yes,20 liter,,2,,,,15,20,No,No,,Satistfied,,Latrine/toilet,Yes,Soap,Yes,Never (0 times),Never (0 times),Never (0 times),Never (0 times),Never (0 times),Never (0 times),Never (0 times),Never (0 times),Never (0 times),Never (0 times),Never (0 times),Never (0 times),0,No-to-marginal,50,0,0,1,0,40,13,1
helvetas04-DAT79G,26.06.2025,Endline,Mecuburi,Nanrele ,Female,2,Borehole with handpump,Improved,Yes,20 liter,,1,,,,15,35,No,No,,Satistfied,,Latrine/toilet,Yes,Ash,Yes,Never (0 times),Never (0 times),Never (0 times),Never (0 times),Never (0 times),Never (0 times),Never (0 times),Never (0 times),Never (0 times),Never (0 times),Never (0 times),Never (0 times),0,No-to-marginal,65,0,0,1,0,20,10,1
helvetas08-DAT7BA,26.06.2025,Endline,Mecuburi,Nanrele ,Female,4,Borehole with handpump,Improved,Yes,"20 liter, 10 liter",,2,,1,,8,20,No,No,,Satistfied,,Latrine/toilet,Yes,Ash,Yes,Never (0 times),Never (0 times),Never (0 times),Never (0 times),Never (0 times),Never (0 times),Never (0 times),Never (0 times),Never (0 times),Never (0 times),Never (0 times),Never (0 times),0,No-to-marginal,36,0,0,1,0,50,13,1
helvetas02-DAT7LU,26.06.2025,Endline,Mecuburi,Nanrele ,Female,2,Borehole with handpump,Improved,Yes,20 liter,,2,,,,5,30,No,No,,Satistfied,,Latrine/toilet,Yes,Ash,Yes,Never (0 times),Never (0 times),Never (0 times),Never (0 times),Never (0 times),Never (0 times),Never (0 times),Never (0 times),Never (0 times),Never (0 times),Never (0 times),Never (0 times),0,No-to-marginal,40,0,0,1,0,40,20,1
helvetas01-DAT7RE,26.06.2025,Endline,Mecuburi,Nanrele ,Female,4,Borehole with handpump,Improved,Yes,"25 liter, 20 liter",5,4,,,,35,120,No,No,,Satistfied,,Latrine/toilet,Yes,Soap,Yes,Never (0 times),Never (0 times),Never (0 times),Never (0 times),Never (0 times),Never (0 times),Never (0 times),Never (0 times),Never (0 times),Never (0 times),Never (0 times),Never (0 times),0,No-to-marginal,190,0,0,1,0,205,51,1
helvetas01-DAT79L,26.06.2025,Endline,Mecuburi,Nanrele ,Female,6,Borehole with handpump,Improved,Yes,"20 liter, 15 liter",,3,4,,,30,60,No,No,,Satistfied,,Latrine/toilet,Yes,Soap,Yes,Never (0 times),Never (0 times),Never (0 times),Never (0 times),Never (0 times),Never (0 times),Never (0 times),Never (0 times),Never (0 times),Never (0 times),Never (0 times),Never (0 times),0,No-to-marginal,120,0,0,1,0,120,20,1
helvetas05-DAT7CC,26.06.2025,Endline,Mecuburi,Nanrele ,Female,3,Borehole with handpump,Improved,Yes,20 liter,,2,,,,18,25,No,No,,Satistfied,,Latrine/toilet,Yes,Soap,Yes,Never (0 times),Never (0 times),Never (0 times),Never (0 times),Never (0 times),Never (0 times),Never (0 times),Never (0 times),Never (0 times),Never (0 times),Never (0 times),Never (0 times),0,No-to-marginal,61,0,0,1,0,40,13,1
helvetas05-DAT6VD,26.06.2025,Endline,Mecuburi,Nanrele ,Female,6,Borehole with handpump,Improved,Yes,"20 liter, 10 liter",,2,,1,,15,25,No,No,,Satistfied,,Latrine/toilet,Yes,Ash,Yes,Never (0 times),Never (0 times),Never (0 times),Never (0 times),Never (0 times),Never (0 times),Never (0 times),Never (0 times),Never (0 times),Never (0 times),Never (0 times),Never (0 times),0,No-to-marginal,55,0,0,1,0,50,8,1
helvetas04-DAT7MC,26.06.2025,Endline,Mecuburi,Nanrele ,Female,1,Borehole with handpump,Improved,Yes,20 liter,,4,,,,17,28,No,No,,Satistfied,,Latrine/toilet,Yes,Ash,Yes,Never (0 times),Never (0 times),Never (0 times),Never (0 times),Never (0 times),Never (0 times),Never (0 times),Never (0 times),Never (0 times),Never (0 times),Never (0 times),Never (0 times),0,No-to-marginal,62,0,0,1,0,80,80,1
helvetas05-DA2XMM,17.06.2025,Endline,Memba,Nihola ,Female,5,Borehole with handpump,Improved,Yes,"20 liter, 10 liter",,1,,2,,15,30,No,No,,Satistfied,,Latrine/toilet,Yes,Ash,Yes,Never (0 times),Never (0 times),Never (0 times),Never (0 times),Never (0 times),Never (0 times),Never (0 times),Never (0 times),Never (0 times),Never (0 times),Never (0 times),Never (0 times),0,No-to-marginal,60,0,0,1,0,40,8,1
helvetas03-D9TFVB,14.06.2025,Endline,Memba,Nihola ,Male,5,Borehole with handpump,Improved,Yes,20 liter,,7,,,,10,20,No,No,,Satistfied,,Latrine/toilet,Yes,Ash,Yes,Sometimes (3-10 times),Rarely (1-2 times),Rarely (1-2 times),Rarely (1-2 times),Rarely (1-2 times),Rarely (1-2 times),Rarely (1-2 times),Rarely (1-2 times),Rarely (1-2 times),Never (0 times),Rarely (1-2 times),Rarely (1-2 times),12,Moderate,40,0,0,1,0,140,28,1
helvetas08-DA2X83,17.06.2025,Endline,Memba,Nihola ,Female,3,Borehole with handpump,Improved,Yes,"20 liter, 10 liter",,2,,1,,10,30,No,No,,Satistfied,,Latrine/toilet,Yes,Ash,Yes,Never (0 times),Never (0 times),Never (0 times),Never (0 times),Never (0 times),Never (0 times),Never (0 times),Never (0 times),Never (0 times),Never (0 times),Never (0 times),Never (0 times),0,No-to-marginal,50,0,0,1,0,50,17,1
helvetas05-DA2WYQ,17.06.2025,Endline,Memba,Nihola ,Female,7,Borehole with handpump,Improved,Yes,"20 liter, 10 liter",,2,,1,,15,30,No,No,,Satistfied,,Latrine/toilet,Yes,Ash,Yes,Never (0 times),Never (0 times),Never (0 times),Never (0 times),Never (0 times),Never (0 times),Never (0 times),Never (0 times),Never (0 times),Never (0 times),Never (0 times),Never (0 times),0,No-to-marginal,60,0,0,1,0,50,7,1
helvetas08-DA2XG2,17.06.2025,Endline,Memba,Nihola ,Female,4,Borehole with handpump,Improved,Yes,20 liter,,5,,,,10,25,No,No,,Satistfied,,Latrine/toilet,Yes,Ash,Yes,Never (0 times),Never (0 times),Never (0 times),Never (0 times),Never (0 times),Never (0 times),Never (0 times),Never (0 times),Never (0 times),Never (0 times),Never (0 times),Never (0 times),0,No-to-marginal,45,0,0,1,0,100,25,1
helvetas02-DA2X5V,17.06.2025,Endline,Memba,Nihola ,Female,6,Borehole with handpump,Improved,Yes,20 liter,,5,,,,10,60,Yes,No,,Satistfied,,Latrine/toilet,Yes,Ash,Yes,Never (0 times),Never (0 times),Never (0 times),Never (0 times),Never (0 times),Never (0 times),Never (0 times),Never (0 times),Never (0 times),Never (0 times),Never (0 times),Never (0 times),0,No-to-marginal,80,0,0,1,0,100,17,1
helvetas04-DA2XSH,17.06.2025,Endline,Memba,Nihola ,Female,7,Borehole with handpump,Improved,Yes,"20 liter, 10 liter",,1,,1,,10,15,Yes,No,,Satistfied,,Latrine/toilet,Yes,None shown,Yes,Never (0 times),Never (0 times),Never (0 times),Never (0 times),Never (0 times),Never (0 times),Never (0 times),Never (0 times),Never (0 times),Never (0 times),Never (0 times),Never (0 times),0,No-to-marginal,35,0,0,1,0,30,4,0
helvetas04-DA2X6X,17.06.2025,Endline,Memba,Nihola ,Female,5,Borehole with handpump,Improved,Yes,20 liter,,2,,,,8,30,Yes,No,,Satistfied,,Latrine/toilet,Yes,Ash,Yes,Never (0 times),Never (0 times),Never (0 times),Never (0 times),Never (0 times),Never (0 times),Never (0 times),Never (0 times),Never (0 times),Never (0 times),Never (0 times),Never (0 times),0,No-to-marginal,46,0,0,1,0,40,8,1
helvetas08-DA38V7,17.06.2025,Endline,Memba,Valdemar,Female,5,Borehole with handpump,Improved,Yes,20 liter,,4,,,,5,30,No,No,,Satistfied,,Latrine/toilet,Yes,Ash,Yes,Never (0 times),Never (0 times),Never (0 times),Never (0 times),Never (0 times),Never (0 times),Never (0 times),Never (0 times),Never (0 times),Never (0 times),Never (0 times),Never (0 times),0,No-to-marginal,40,0,0,1,0,80,16,1
helvetas02-DA38VY,17.06.2025,Endline,Memba,Valdemar,Female,7,Borehole with handpump,Improved,Yes,20 liter,,8,,,,15,20,Yes,Yes,Yes,Satistfied,,Latrine/toilet,Yes,Other cleanser or detergent,Yes,Never (0 times),Never (0 times),Never (0 times),Never (0 times),Never (0 times),Never (0 times),Never (0 times),Never (0 times),Never (0 times),Never (0 times),Never (0 times),Never (0 times),0,No-to-marginal,50,0,0,1,0,160,23,0
helvetas08-DA39BW,17.06.2025,Endline,Memba,Valdemar,Female,6,Borehole with handpump,Improved,Yes,"20 liter, 10 liter",,4,,2,,10,20,No,No,,Satistfied,,Latrine/toilet,Yes,Ash,Yes,Never (0 times),Never (0 times),Never (0 times),Never (0 times),Never (0 times),Never (0 times),Never (0 times),Never (0 times),Never (0 times),Never (0 times),Never (0 times),Never (0 times),0,No-to-marginal,40,0,0,1,0,100,17,1
helvetas02-DA39PJ,17.06.2025,Endline,Memba,Valdemar,Female,5,Borehole with handpump,Improved,Yes,20 liter,,4,,,,10,40,No,No,,Satistfied,,Latrine/toilet,Yes,Ash,Yes,Never (0 times),Never (0 times),Never (0 times),Never (0 times),Never (0 times),Never (0 times),Never (0 times),Never (0 times),Never (0 times),Never (0 times),Never (0 times),Never (0 times),0,No-to-marginal,60,0,0,1,0,80,16,1
helvetas04-DA39H3,17.06.2025,Endline,Memba,Valdemar,Female,8,Borehole with handpump,Improved,No,,,,,,,20,28,No,No,,Satistfied,,Latrine/toilet,Yes,Ash,Yes,Never (0 times),Never (0 times),Never (0 times),Never (0 times),Never (0 times),Never (0 times),Never (0 times),Never (0 times),Never (0 times),Never (0 times),Never (0 times),Never (0 times),0,No-to-marginal,68,0,0,1,0,0,0,1
helvetas04-DA38XX,17.06.2025,Endline,Memba,Valdemar,Female,5,Borehole with handpump,Improved,Yes,20 liter,,4,,,,15,10,No,No,,Satistfied,,Latrine/toilet,Yes,Ash,Yes,Never (0 times),Never (0 times),Never (0 times),Never (0 times),Never (0 times),Never (0 times),Never (0 times),Never (0 times),Never (0 times),Never (0 times),Never (0 times),Never (0 times),0,No-to-marginal,40,0,0,1,0,80,16,1
helvetas05-DA38PQ,17.06.2025,Endline,Memba,Valdemar,Female,3,Borehole with handpump,Improved,Yes,20 liter,,2,,,,15,20,No,No,,Satistfied,,Latrine/toilet,Yes,Soap,Yes,Never (0 times),Never (0 times),Never (0 times),Never (0 times),Never (0 times),Never (0 times),Never (0 times),Never (0 times),Never (0 times),Never (0 times),Never (0 times),Never (0 times),0,No-to-marginal,50,0,0,1,0,40,13,1
helvetas01-DA39KT,17.06.2025,Endline,Memba,Valdemar,Female,1,Borehole with handpump,Improved,Yes,20 liter,,1,,,,30,15,No,Yes,Yes,Satistfied,,Latrine/toilet,Yes,Ash,Yes,Never (0 times),Never (0 times),Never (0 times),Never (0 times),Never (0 times),Never (0 times),Never (0 times),Never (0 times),Never (0 times),Never (0 times),Never (0 times),Never (0 times),0,No-to-marginal,75,0,0,1,0,20,20,1
helvetas05-DA39DV,17.06.2025,Endline,Memba,Valdemar,Female,8,Borehole with handpump,Improved,Yes,20 liter,,2,,,,15,25,No,No,,Satistfied,,Latrine/toilet,Yes,Ash,Yes,Never (0 times),Never (0 times),Never (0 times),Never (0 times),Never (0 times),Never (0 times),Never (0 times),Never (0 times),Never (0 times),Never (0 times),Never (0 times),Never (0 times),0,No-to-marginal,55,0,0,1,0,40,5,1
helvetas08-DAJW67,23.06.2025,Endline,Larde,Macuire,Female,4,Protected dug well,Improved,Yes,"20 liter, 10 liter",,2,,1,,2,30,No,No,,Not Satisfied,"Water has a bad smell, color, or quality",Latrine/toilet,Yes,Ash,Yes,Sometimes (3-10 times),Rarely (1-2 times),Rarely (1-2 times),Never (0 times),Never (0 times),Never (0 times),Never (0 times),Never (0 times),Rarely (1-2 times),Never (0 times),Never (0 times),Rarely (1-2 times),6,Low,34,0,0,1,0,50,13,1
helvetas03-CQK6YQ,17.11.2024,Baseline,Moma,Mieie,Female,6,Protected dug well with handpump,Improved,Yes,"20 liter, 10 liter",,2,,3,,30,180,No,No,,Not Satisfied,Long lines,Latrine/toilet,Yes,None shown,Yes,Often (11-20 times),Often (11-20 times),Always (more than 20 times),Always (more than 20 times),Always (more than 20 times),Often (11-20 times),Often (11-20 times),Often (11-20 times),Often (11-20 times),Often (11-20 times),Often (11-20 times),Always (more than 20 times),36,High,240,0,0,1,0,70,12,0
helvetas03-DADGP8,21.06.2025,Endline,Moma,Jacagiua,Female,4,Public tap or standpipe,Improved,Yes,"20 liter, 10 liter, 5 liter",,1,,1,1,10,30,No,No,,Satistfied,,Latrine/toilet,Yes,Soap,Yes,Never (0 times),Never (0 times),Never (0 times),Never (0 times),Never (0 times),Never (0 times),Never (0 times),Never (0 times),Never (0 times),Never (0 times),Never (0 times),Never (0 times),0,No-to-marginal,50,0,0,1,0,35,9,1
helvetas05-CQC6UY,14.11.2024,Baseline,Memba,Matata,Female,4,Public tap or standpipe,Improved,Yes,"10 liter, 20 liter",,1,,1,,15,50,Yes,Yes,Yes,Not Satisfied,Long lines,In the open/no sanitation facilities,Yes,Ash,Yes,Often (11-20 times),Sometimes (3-10 times),Often (11-20 times),Sometimes (3-10 times),Sometimes (3-10 times),Sometimes (3-10 times),Sometimes (3-10 times),Sometimes (3-10 times),Often (11-20 times),Sometimes (3-10 times),Sometimes (3-10 times),Often (11-20 times),28,High,80,0,0,1,0,30,8,1
helvetas04-CQTTN7,20.11.2024,Baseline,Larde,Mpaheia,Female,8,Surface water,Unimproved,Yes,"20 liter, 10 liter",,4,,4,,300,360,Yes,,,Not Satisfied,"Water has a bad smell, color, or quality",Latrine/toilet,Yes,Ash,Yes,Always (more than 20 times),Sometimes (3-10 times),Sometimes (3-10 times),Sometimes (3-10 times),Rarely (1-2 times),Rarely (1-2 times),Rarely (1-2 times),Often (11-20 times),Rarely (1-2 times),Never (0 times),Often (11-20 times),Never (0 times),19,Moderate,960,1,0,0,0,120,15,1
helvetas04-CQTUDH,20.11.2024,Baseline,Larde,Mpaheia,Female,4,Surface water,Unimproved,Yes,20 liter,,3,,,,360,300,Yes,,,Not Satisfied,It is too far away,Latrine/toilet,Yes,Ash,Yes,Often (11-20 times),Sometimes (3-10 times),Rarely (1-2 times),Sometimes (3-10 times),Rarely (1-2 times),Rarely (1-2 times),Sometimes (3-10 times),Often (11-20 times),Rarely (1-2 times),Never (0 times),Often (11-20 times),Rarely (1-2 times),20,Moderate,1020,1,0,0,0,60,15,1
helvetas05-CQ9SZS,13.11.2024,Baseline,Memba,Lusaka,Female,10,Surface water ,Unimproved,Yes,20 liter,,4,,,,60,10,Yes,,,Not Satisfied,"Water has a bad smell, color, or quality",Latrine/toilet,Yes,Ash,Yes,Often (11-20 times),Rarely (1-2 times),Often (11-20 times),Sometimes (3-10 times),Sometimes (3-10 times),Sometimes (3-10 times),Sometimes (3-10 times),Sometimes (3-10 times),Often (11-20 times),Rarely (1-2 times),Often (11-20 times),Often (11-20 times),27,High,130,1,0,0,0,80,8,1
helvetas02-CQ9Y2Z,13.11.2024,Baseline,Memba,Miaja,Female,6,Surface water ,Unimproved,Yes,20 liter,,5,,,,50,280,Yes,,,Not Satisfied,It is too far away,Latrine/toilet,Yes,Soap,Yes,Always (more than 20 times),Never (0 times),Always (more than 20 times),Sometimes (3-10 times),Sometimes (3-10 times),Often (11-20 times),Often (11-20 times),Often (11-20 times),Always (more than 20 times),Often (11-20 times),Often (11-20 times),Often (11-20 times),31,High,380,1,0,0,0,100,17,1
helvetas05-CQ9MHR,45609.41528,Baseline,Memba,Nihola,Female,8,Surface water ,Unimproved,Yes,20 liter,,4,,,,50,30,Yes,,,Not Satisfied,Water tastes bad,Latrine/toilet,Yes,Ash,Yes,Sometimes (3-10 times),Sometimes (3-10 times),Sometimes (3-10 times),Sometimes (3-10 times),Rarely (1-2 times),Rarely (1-2 times),Rarely (1-2 times),Rarely (1-2 times),Sometimes (3-10 times),Rarely (1-2 times),Rarely (1-2 times),Sometimes (3-10 times),18,Moderate,130,1,0,0,0,80,10,1
helvetas05-CQ9NW6,13.11.2024,Baseline,Memba,Nihola,Female,7,Surface water ,Unimproved,Yes,10 liter,,,,2,,45,20,Yes,,,Not Satisfied,"Water has a bad smell, color, or quality",Latrine/toilet,Yes,Ash,Yes,Often (11-20 times),Sometimes (3-10 times),Often (11-20 times),Sometimes (3-10 times),Sometimes (3-10 times),Sometimes (3-10 times),Sometimes (3-10 times),Rarely (1-2 times),Often (11-20 times),Sometimes (3-10 times),Often (11-20 times),Often (11-20 times),28,High,110,1,0,0,0,20,3,1
helvetas05-CQ9PGF,13.11.2024,Baseline,Memba,Nihola,Female,5,Surface water ,Unimproved,Yes,20 liter,,6,,,,30,15,Yes,,,Not Satisfied,"Water has a bad smell, color, or quality",Latrine/toilet,Yes,Ash,Yes,Sometimes (3-10 times),Rarely (1-2 times),Sometimes (3-10 times),Sometimes (3-10 times),Sometimes (3-10 times),Sometimes (3-10 times),Sometimes (3-10 times),Rarely (1-2 times),Sometimes (3-10 times),Rarely (1-2 times),Sometimes (3-10 times),Sometimes (3-10 times),21,Moderate,75,1,0,0,0,120,24,1
helvetas05-CQ9NA5,13.11.2024,Baseline,Memba,Nihola,Female,8,Surface water ,Unimproved,Yes,"20 liter, 10 liter",,2,,3,,40,25,Yes,,,Not Satisfied,"Water has a bad smell, color, or quality",Latrine/toilet,Yes,Ash,Yes,Often (11-20 times),Rarely (1-2 times),Often (11-20 times),Sometimes (3-10 times),Rarely (1-2 times),Rarely (1-2 times),Sometimes (3-10 times),Rarely (1-2 times),Sometimes (3-10 times),Rarely (1-2 times),Sometimes (3-10 times),Sometimes (3-10 times),21,Moderate,105,1,0,0,0,70,9,1
helvetas03-CQ9G42,13.11.2024,Baseline,Memba,Valdemar,Female,4,Surface water ,Unimproved,Yes,20 liter,,5,,,,20,60,Yes,,,Not Satisfied,"Water has a bad smell, color, or quality",Latrine/toilet,Yes,Soap,Yes,Often (11-20 times),Often (11-20 times),Often (11-20 times),Often (11-20 times),Often (11-20 times),Often (11-20 times),Sometimes (3-10 times),Sometimes (3-10 times),Sometimes (3-10 times),Sometimes (3-10 times),Sometimes (3-10 times),Sometimes (3-10 times),30,High,100,1,0,0,0,100,25,1
helvetas02-CQ9FC5,13.11.2024,Baseline,Memba,Valdemar,Female,4,Surface water ,Unimproved,Yes,20 liter,,2,,,,50,45,Yes,,,Not Satisfied,"Water has a bad smell, color, or quality",Latrine/toilet,Yes,Ash,Yes,Often (11-20 times),Often (11-20 times),Rarely (1-2 times),Often (11-20 times),Often (11-20 times),Often (11-20 times),Sometimes (3-10 times),Rarely (1-2 times),Often (11-20 times),Never (0 times),Sometimes (3-10 times),Sometimes (3-10 times),26,High,145,1,0,0,0,40,10,1
helvetas02-CQ9GJB,13.11.2024,Baseline,Memba,Valdemar,Female,3,Surface water ,Unimproved,Yes,20 liter,,1,,,,120,180,Yes,,,Not Satisfied,Water tastes bad,Latrine/toilet,Yes,Ash,No,Often (11-20 times),Often (11-20 times),Often (11-20 times),Always (more than 20 times),Often (11-20 times),Sometimes (3-10 times),Always (more than 20 times),Always (more than 20 times),Often (11-20 times),Sometimes (3-10 times),Often (11-20 times),Sometimes (3-10 times),33,High,420,1,0,0,0,20,7,0
helvetas02-CQ9HG6,13.11.2024,Baseline,Memba,Valdemar,Female,4,Surface water ,Unimproved,Yes,15 liter,,,1,,,40,180,Yes,,,Not Satisfied,"Water has a bad smell, color, or quality",Latrine/toilet,Yes,Ash,Yes,Always (more than 20 times),Always (more than 20 times),Sometimes (3-10 times),Often (11-20 times),Often (11-20 times),Sometimes (3-10 times),Rarely (1-2 times),Sometimes (3-10 times),Sometimes (3-10 times),Never (0 times),Sometimes (3-10 times),Sometimes (3-10 times),25,High,260,1,0,0,0,15,4,1
helvetas05-CQBXQB,14.11.2024,Baseline,Memba,Cruzamento dos velhos,Female,4,Unprotected dug well,Unimproved,Yes,"20 liter, 10 liter",,2,,1,,15,40,Yes,,,Not Satisfied,"Water has a bad smell, color, or quality",In the open/no sanitation facilities,Yes,Ash,Yes,Often (11-20 times),Sometimes (3-10 times),Sometimes (3-10 times),Sometimes (3-10 times),Sometimes (3-10 times),Sometimes (3-10 times),Sometimes (3-10 times),Sometimes (3-10 times),Often (11-20 times),Rarely (1-2 times),Sometimes (3-10 times),Often (11-20 times),26,High,70,0,1,0,0,50,13,1
helvetas05-CQBY5X,14.11.2024,Baseline,Memba,Cruzamento dos velhos,Female,5,Unprotected dug well,Unimproved,Yes,20 liter,,1,,,,20,45,Yes,,,Not Satisfied,"Water has a bad smell, color, or quality",Latrine/toilet,Yes,Ash,Yes,Often (11-20 times),Sometimes (3-10 times),Often (11-20 times),Sometimes (3-10 times),Sometimes (3-10 times),Sometimes (3-10 times),Sometimes (3-10 times),Sometimes (3-10 times),Often (11-20 times),Sometimes (3-10 times),Sometimes (3-10 times),Often (11-20 times),28,High,85,0,1,0,0,20,4,1
helvetas05-CQBX76,14.11.2024,Baseline,Memba,Cruzamento dos velhos,Female,5,Unprotected dug well,Unimproved,Yes,20 liter,,5,,,,10,40,Yes,,,Not Satisfied,"Water has a bad smell, color, or quality",Latrine/toilet,Yes,Ash,Yes,Sometimes (3-10 times),Sometimes (3-10 times),Sometimes (3-10 times),Sometimes (3-10 times),Sometimes (3-10 times),Sometimes (3-10 times),Often (11-20 times),Sometimes (3-10 times),Often (11-20 times),Rarely (1-2 times),Sometimes (3-10 times),Often (11-20 times),26,High,60,0,1,0,0,100,20,1
helvetas05-CQNRD5,18.11.2024,Baseline,Moma,Jacagiua,Male,5,Unprotected dug well,Unimproved,Yes,20 liter,,3,,,,40,80,Yes,,,Not Satisfied,Long lines,Latrine/toilet,Yes,Ash,Yes,Sometimes (3-10 times),Sometimes (3-10 times),Often (11-20 times),Sometimes (3-10 times),Sometimes (3-10 times),Sometimes (3-10 times),Often (11-20 times),Sometimes (3-10 times),Often (11-20 times),Rarely (1-2 times),Sometimes (3-10 times),Often (11-20 times),27,High,160,0,1,0,0,60,12,1
helvetas04-CQNRGN,18.11.2024,Baseline,Moma,Jacagiua,Female,7,Unprotected dug well,Unimproved,Yes,20 liter,,2,,,,60,240,Yes,,,Not Satisfied,Long lines,Latrine/toilet,Yes,Soap,Yes,Often (11-20 times),Sometimes (3-10 times),Sometimes (3-10 times),Rarely (1-2 times),Rarely (1-2 times),Never (0 times),Rarely (1-2 times),Often (11-20 times),Rarely (1-2 times),Never (0 times),Often (11-20 times),Never (0 times),17,Moderate,360,0,1,0,0,40,6,1
helvetas05-CQNRYC,18.11.2024,Baseline,Moma,Jacagiua,Male,6,Unprotected dug well,Unimproved,Yes,20 liter,,2,,,,120,50,Yes,,,Not Satisfied,It is too far away,Latrine/toilet,Yes,Ash,Yes,Often (11-20 times),Sometimes (3-10 times),Often (11-20 times),Sometimes (3-10 times),Sometimes (3-10 times),Sometimes (3-10 times),Sometimes (3-10 times),Sometimes (3-10 times),Often (11-20 times),Rarely (1-2 times),Sometimes (3-10 times),Often (11-20 times),27,High,290,0,1,0,0,40,7,1
helvetas05-CQNSJT,18.11.2024,Baseline,Moma,Jacagiua,Female,8,Unprotected dug well,Unimproved,Yes,"20 liter, 10 liter",,2,,1,,70,40,Yes,,,Not Satisfied,It is too far away,Latrine/toilet,Yes,Ash,Yes,Sometimes (3-10 times),Sometimes (3-10 times),Often (11-20 times),Sometimes (3-10 times),Sometimes (3-10 times),Sometimes (3-10 times),Sometimes (3-10 times),Sometimes (3-10 times),Often (11-20 times),Rarely (1-2 times),Sometimes (3-10 times),Often (11-20 times),26,High,180,0,1,0,0,50,6,1
helvetas05-CQNT6X,18.11.2024,Baseline,Moma,Jacagiua,Female,7,Unprotected dug well,Unimproved,Yes,20 liter,,3,,,,60,30,Yes,,,Not Satisfied,It is too far away,Latrine/toilet,Yes,Ash,Yes,Sometimes (3-10 times),Sometimes (3-10 times),Sometimes (3-10 times),Sometimes (3-10 times),Sometimes (3-10 times),Sometimes (3-10 times),Sometimes (3-10 times),Sometimes (3-10 times),Often (11-20 times),Rarely (1-2 times),Sometimes (3-10 times),Often (11-20 times),25,High,150,0,1,0,0,60,9,1
helvetas04-CQNSWB,18.11.2024,Baseline,Moma,Jacagiua,Female,6,Unprotected dug well,Unimproved,Yes,20 liter,,2,,,,120,240,Yes,,,Not Satisfied,It is too far away,In the open/no sanitation facilities,Yes,Ash,Yes,Often (11-20 times),Rarely (1-2 times),Sometimes (3-10 times),Sometimes (3-10 times),Rarely (1-2 times),Rarely (1-2 times),Rarely (1-2 times),Often (11-20 times),Rarely (1-2 times),Rarely (1-2 times),Often (11-20 times),Rarely (1-2 times),20,Moderate,480,0,1,0,0,40,7,1
helvetas03-DAJWUB,23.06.2025,Endline,Larde,Macuire,Female,3,Unprotected dug well,Unimproved,Yes,"10 liter, 20 liter",,1,,1,,15,5,Yes,,,Not Satisfied,Water tastes bad,Latrine/toilet,Yes,Soap,Yes,Rarely (1-2 times),Sometimes (3-10 times),Rarely (1-2 times),Sometimes (3-10 times),Rarely (1-2 times),Rarely (1-2 times),Sometimes (3-10 times),Sometimes (3-10 times),Often (11-20 times),Sometimes (3-10 times),Sometimes (3-10 times),Rarely (1-2 times),20,Moderate,35,0,1,0,0,30,10,1
helvetas01-DAJVBX,23.06.2025,Endline,Larde,Macuire,Female,7,Unprotected dug well,Unimproved,Yes,"20 liter, 15 liter",,3,1,,,1,5,No,,,Not Satisfied,"Water has a bad smell, color, or quality",Latrine/toilet,Yes,Ash,Yes,Rarely (1-2 times),Never (0 times),Rarely (1-2 times),Rarely (1-2 times),Sometimes (3-10 times),Never (0 times),Rarely (1-2 times),Sometimes (3-10 times),Rarely (1-2 times),Never (0 times),Sometimes (3-10 times),Rarely (1-2 times),12,Moderate,7,0,1,0,0,75,11,1
helvetas01-DAJW2V,23.06.2025,Endline,Larde,Macuire,Male,6,Unprotected dug well,Unimproved,Yes,"20 liter, 10 liter",,3,,2,,15,35,No,,,Not Satisfied,"Water has a bad smell, color, or quality",Latrine/toilet,Yes,Soap,Yes,Sometimes (3-10 times),Never (0 times),Rarely (1-2 times),Rarely (1-2 times),Rarely (1-2 times),Never (0 times),Never (0 times),Sometimes (3-10 times),Rarely (1-2 times),Rarely (1-2 times),Sometimes (3-10 times),Rarely (1-2 times),12,Moderate,65,0,1,0,0,80,13,1
helvetas05-CQRBFT,19.11.2024,Baseline,Larde,Macuire,Female,6,Unprotected dug well,Unimproved,Yes,20 liter,,3,,,,20,15,Yes,,,Not Satisfied,"Water has a bad smell, color, or quality",In the open/no sanitation facilities,Yes,Ash,Yes,Sometimes (3-10 times),Sometimes (3-10 times),Sometimes (3-10 times),Sometimes (3-10 times),Sometimes (3-10 times),Rarely (1-2 times),Rarely (1-2 times),Rarely (1-2 times),Sometimes (3-10 times),Rarely (1-2 times),Sometimes (3-10 times),Sometimes (3-10 times),20,Moderate,55,0,1,0,0,60,10,1
helvetas03-CQRBF4,19.11.2024,Baseline,Larde,Macuire,Female,8,Unprotected dug well,Unimproved,Yes,20 liter,,3,,,,15,60,Yes,,,Not Satisfied,Long lines,Latrine/toilet,Yes,Soap,Yes,Often (11-20 times),Sometimes (3-10 times),Often (11-20 times),Sometimes (3-10 times),Sometimes (3-10 times),Often (11-20 times),Often (11-20 times),Often (11-20 times),Sometimes (3-10 times),Often (11-20 times),Sometimes (3-10 times),Often (11-20 times),31,High,90,0,1,0,0,60,8,1
helvetas01-CQRBFL,19.11.2024,Baseline,Larde,Macuire,Female,3,Unprotected dug well,Unimproved,Yes,20 liter,,4,,,,20,120,Yes,,,Not Satisfied,Other (please specify),In water body – river or lake,No,,,Sometimes (3-10 times),Sometimes (3-10 times),Sometimes (3-10 times),Sometimes (3-10 times),Sometimes (3-10 times),Sometimes (3-10 times),Rarely (1-2 times),Sometimes (3-10 times),Rarely (1-2 times),Rarely (1-2 times),Rarely (1-2 times),Sometimes (3-10 times),20,Moderate,160,0,1,0,0,80,27,0
helvetas04-CQRBZR,19.11.2024,Baseline,Larde,Macuire,Female,6,Unprotected dug well,Unimproved,Yes,20 liter,,4,,,,15,60,Yes,,,Not Satisfied,"Water has a bad smell, color, or quality",Latrine/toilet,Yes,Soap,Yes,Often (11-20 times),Rarely (1-2 times),Rarely (1-2 times),Rarely (1-2 times),Never (0 times),Rarely (1-2 times),Rarely (1-2 times),Often (11-20 times),Rarely (1-2 times),Never (0 times),Often (11-20 times),Never (0 times),15,Moderate,90,0,1,0,0,80,13,1
helvetas02-CQRBCJ,19.11.2024,Baseline,Larde,Macuire,Female,4,Unprotected dug well,Unimproved,No,,,,,,,20,240,Yes,,,Not Satisfied,Long lines,Latrine/toilet,Yes,Soap,Yes,Often (11-20 times),Rarely (1-2 times),Sometimes (3-10 times),Never (0 times),Sometimes (3-10 times),Sometimes (3-10 times),Never (0 times),Often (11-20 times),Sometimes (3-10 times),Never (0 times),Sometimes (3-10 times),Sometimes (3-10 times),19,Moderate,280,0,1,0,0,0,0,1
helvetas02-CQRBX7,19.11.2024,Baseline,Larde,Macuire,Female,8,Unprotected dug well,Unimproved,Yes,"20 liter, 10 liter",,1,,1,,60,180,Yes,,,Not Satisfied,Long lines,Latrine/toilet,Yes,Soap,Yes,Often (11-20 times),Often (11-20 times),Often (11-20 times),Sometimes (3-10 times),Sometimes (3-10 times),Always (more than 20 times),Often (11-20 times),Often (11-20 times),Sometimes (3-10 times),Sometimes (3-10 times),Sometimes (3-10 times),Often (11-20 times),31,High,300,0,1,0,0,30,4,1
helvetas01-CQRCC7,19.11.2024,Baseline,Larde,Macuire,Female,4,Unprotected dug well,Unimproved,Yes,"20 liter, 10 liter",,1,,2,,10,30,Yes,,,Not Satisfied,Other (please specify),In the open/no sanitation facilities,No,,,Rarely (1-2 times),Rarely (1-2 times),Sometimes (3-10 times),Sometimes (3-10 times),Sometimes (3-10 times),Sometimes (3-10 times),Sometimes (3-10 times),Rarely (1-2 times),Rarely (1-2 times),Sometimes (3-10 times),Sometimes (3-10 times),Sometimes (3-10 times),20,Moderate,50,0,1,0,0,40,10,0
helvetas03-CQRBVB,19.11.2024,Baseline,Larde,Macuire,Female,6,Unprotected dug well,Unimproved,Yes,"20 liter, 10 liter",,2,,1,,20,60,Yes,,,Not Satisfied,Long lines,Latrine/toilet,Yes,None shown,Yes,Rarely (1-2 times),Sometimes (3-10 times),Often (11-20 times),Often (11-20 times),Often (11-20 times),Often (11-20 times),Often (11-20 times),Sometimes (3-10 times),Sometimes (3-10 times),Often (11-20 times),Often (11-20 times),Sometimes (3-10 times),30,High,100,0,1,0,0,50,8,0
helvetas05-CQC5AD,14.11.2024,Baseline,Memba,Matata,Female,6,Unprotected dug well,Unimproved,Yes,"20 liter, 10 liter",,2,,2,,35,40,Yes,,,Not Satisfied,It is too far away,In the open/no sanitation facilities,Yes,Ash,Yes,Often (11-20 times),Sometimes (3-10 times),Sometimes (3-10 times),Sometimes (3-10 times),Sometimes (3-10 times),Sometimes (3-10 times),Sometimes (3-10 times),Sometimes (3-10 times),Often (11-20 times),Rarely (1-2 times),Sometimes (3-10 times),Often (11-20 times),26,High,110,0,1,0,0,60,10,1
helvetas05-CQC5TW,14.11.2024,Baseline,Memba,Matata,Female,5,Unprotected dug well,Unimproved,Yes,20 liter,,2,,,,40,25,Yes,,,Not Satisfied,"Water has a bad smell, color, or quality",Latrine/toilet,Yes,Ash,Yes,Often (11-20 times),Sometimes (3-10 times),Often (11-20 times),Sometimes (3-10 times),Sometimes (3-10 times),Sometimes (3-10 times),Sometimes (3-10 times),Sometimes (3-10 times),Often (11-20 times),Sometimes (3-10 times),Sometimes (3-10 times),Often (11-20 times),28,High,105,0,1,0,0,40,8,1
helvetas05-CQC6B9,14.11.2024,Baseline,Memba,Matata,Female,6,Unprotected dug well,Unimproved,Yes,"20 liter, 10 liter",,1,,1,,50,30,Yes,,,Not Satisfied,"Water has a bad smell, color, or quality",Latrine/toilet,Yes,Ash,Yes,Often (11-20 times),Sometimes (3-10 times),Often (11-20 times),Sometimes (3-10 times),Sometimes (3-10 times),Sometimes (3-10 times),Sometimes (3-10 times),Sometimes (3-10 times),Often (11-20 times),Sometimes (3-10 times),Sometimes (3-10 times),Often (11-20 times),28,High,130,0,1,0,0,30,5,1
helvetas03-CQ9WDZ,13.11.2024,Baseline,Memba,Miaja,Female,4,Unprotected dug well,Unimproved,Yes,20 liter,,4,,,,60,120,Yes,,,Not Satisfied,It is too far away,Latrine/toilet,Yes,Soap,Yes,Sometimes (3-10 times),Sometimes (3-10 times),Often (11-20 times),Often (11-20 times),Often (11-20 times),Often (11-20 times),Often (11-20 times),Often (11-20 times),Often (11-20 times),Often (11-20 times),Often (11-20 times),Often (11-20 times),34,High,240,0,1,0,0,80,20,1
helvetas03-CQ9WTZ,13.11.2024,Baseline,Memba,Miaja,Female,5,Unprotected dug well,Unimproved,Yes,20 liter,,3,,,,120,120,Yes,,,Not Satisfied,Long lines,Latrine/toilet,Yes,Soap,No,Always (more than 20 times),Always (more than 20 times),Often (11-20 times),Always (more than 20 times),Always (more than 20 times),Always (more than 20 times),Always (more than 20 times),Always (more than 20 times),Always (more than 20 times),Sometimes (3-10 times),Often (11-20 times),Often (11-20 times),35,High,360,0,1,0,0,60,12,0
helvetas03-CQ9XFF,13.11.2024,Baseline,Memba,Miaja,Female,5,Unprotected dug well,Unimproved,Yes,20 liter,,2,,,,40,180,Yes,,,Not Satisfied,Long lines,Latrine/toilet,Yes,None shown,No,Always (more than 20 times),Always (more than 20 times),Always (more than 20 times),Often (11-20 times),Often (11-20 times),Often (11-20 times),Often (11-20 times),Often (11-20 times),Always (more than 20 times),Often (11-20 times),Often (11-20 times),Always (more than 20 times),36,High,260,0,1,0,0,40,8,0
helvetas08-CQK6T2,17.11.2024,Baseline,Moma,Mieie,Female,4,Unprotected dug well,Unimproved,Yes,"20 liter, 10 liter",,1,,1,,60,240,No,,,Not Satisfied,Long lines,In the open/no sanitation facilities,Yes,Ash,Yes,Often (11-20 times),Never (0 times),Sometimes (3-10 times),Sometimes (3-10 times),Sometimes (3-10 times),Rarely (1-2 times),Sometimes (3-10 times),Often (11-20 times),Rarely (1-2 times),Rarely (1-2 times),Sometimes (3-10 times),Rarely (1-2 times),20,Moderate,360,0,1,0,0,30,8,1
helvetas04-CQK778,17.11.2024,Baseline,Moma,Mieie,Female,4,Unprotected dug well,Unimproved,Yes,"20 liter, 10 liter",,2,,1,,30,120,Yes,,,Not Satisfied,It is broken,Latrine/toilet,Yes,Soap,Yes,Often (11-20 times),Sometimes (3-10 times),Rarely (1-2 times),Rarely (1-2 times),Rarely (1-2 times),Never (0 times),Rarely (1-2 times),Often (11-20 times),Rarely (1-2 times),Never (0 times),Often (11-20 times),Rarely (1-2 times),17,Moderate,180,0,1,0,0,50,13,1
helvetas02-CQK6WL,17.11.2024,Baseline,Moma,Mieie,Female,12,Unprotected dug well,Unimproved,Yes,"20 liter, 10 liter, 25 liter",3,3,,4,,30,280,Yes,,,Not Satisfied,It is too far away,In the open/no sanitation facilities,Yes,Soap,Yes,Sometimes (3-10 times),Sometimes (3-10 times),Sometimes (3-10 times),Sometimes (3-10 times),Sometimes (3-10 times),Never (0 times),Sometimes (3-10 times),Sometimes (3-10 times),Often (11-20 times),Never (0 times),Sometimes (3-10 times),Sometimes (3-10 times),21,Moderate,340,0,1,0,0,175,15,1
helvetas01-CQK75C,17.11.2024,Baseline,Moma,Mieie,Female,9,Unprotected dug well,Unimproved,No,,,,,,,90,90,Yes,,,Not Satisfied,Other (please specify),In water body – river or lake,No,,,Sometimes (3-10 times),Sometimes (3-10 times),Sometimes (3-10 times),Sometimes (3-10 times),Often (11-20 times),Sometimes (3-10 times),Sometimes (3-10 times),Sometimes (3-10 times),Sometimes (3-10 times),Sometimes (3-10 times),Sometimes (3-10 times),Sometimes (3-10 times),25,High,270,0,1,0,0,0,0,0
helvetas08-CQK7J5,17.11.2024,Baseline,Moma,Mieie,Female,6,Unprotected dug well,Unimproved,Yes,20 liter,,4,,,,90,280,Yes,,,Not Satisfied,Long lines,In the open/no sanitation facilities,Yes,Ash,Yes,Often (11-20 times),Never (0 times),Sometimes (3-10 times),Often (11-20 times),Often (11-20 times),Rarely (1-2 times),Sometimes (3-10 times),Sometimes (3-10 times),Rarely (1-2 times),Sometimes (3-10 times),Sometimes (3-10 times),Rarely (1-2 times),22,Moderate,460,0,1,0,0,80,13,1
helvetas05-CQK7JL,17.11.2024,Baseline,Moma,Mieie,Female,4,Unprotected dug well,Unimproved,Yes,20 liter,,1,,,,70,40,Yes,,,Not Satisfied,It is too far away,In the open/no sanitation facilities,Yes,Ash,Yes,Often (11-20 times),Sometimes (3-10 times),Often (11-20 times),Sometimes (3-10 times),Sometimes (3-10 times),Sometimes (3-10 times),Often (11-20 times),Sometimes (3-10 times),Often (11-20 times),Sometimes (3-10 times),Sometimes (3-10 times),Often (11-20 times),29,High,180,0,1,0,0,20,5,1
helvetas03-CQK7FZ,17.11.2024,Baseline,Moma,Mieie,Female,6,Unprotected dug well,Unimproved,Yes,20 liter,,1,,,,40,240,Yes,,,Not Satisfied,Long lines,Latrine/toilet,Yes,Soap,Yes,Always (more than 20 times),Often (11-20 times),Sometimes (3-10 times),Often (11-20 times),Often (11-20 times),Often (11-20 times),Often (11-20 times),Often (11-20 times),Often (11-20 times),Always (more than 20 times),Always (more than 20 times),Often (11-20 times),35,High,320,0,1,0,0,20,3,1
helvetas02-CQK7PA,17.11.2024,Baseline,Moma,Mieie,Female,4,Unprotected dug well,Unimproved,No,,,,,,,20,280,Yes,,,Not Satisfied,It is too far away,Latrine/toilet,Yes,Soap,Yes,Always (more than 20 times),Rarely (1-2 times),Often (11-20 times),Sometimes (3-10 times),Sometimes (3-10 times),Sometimes (3-10 times),Sometimes (3-10 times),Often (11-20 times),Sometimes (3-10 times),Never (0 times),Sometimes (3-10 times),Never (0 times),22,Moderate,320,0,1,0,0,0,0,1
helvetas02-CQ9R4T,13.11.2024,Baseline,Memba,Monapo,Female,5,Unprotected dug well,Unimproved,Yes,20 liter,,2,,,,30,280,Yes,,,Not Satisfied,"Water has a bad smell, color, or quality",Latrine/toilet,Yes,Soap,Yes,Often (11-20 times),Sometimes (3-10 times),Often (11-20 times),Never (0 times),Sometimes (3-10 times),Rarely (1-2 times),Sometimes (3-10 times),Sometimes (3-10 times),Never (0 times),Never (0 times),Rarely (1-2 times),Never (0 times),16,Moderate,340,0,1,0,0,40,8,1
helvetas03-CQ9SDA,13.11.2024,Baseline,Memba,Monapo,Female,7,Unprotected dug well,Unimproved,Yes,25 liter,2,,,,,35,10,Yes,,,Not Satisfied,It is too far away,Latrine/toilet,Yes,Ash,No,Often (11-20 times),Often (11-20 times),Often (11-20 times),Often (11-20 times),Sometimes (3-10 times),Often (11-20 times),Often (11-20 times),Sometimes (3-10 times),Sometimes (3-10 times),Rarely (1-2 times),Often (11-20 times),Often (11-20 times),31,High,80,0,1,0,0,50,7,0
helvetas02-CQTTJT,20.11.2024,Baseline,Larde,Mpaheia,Female,5,Unprotected dug well,Unimproved,No,,,,,,,40,300,Yes,,,Not Satisfied,It is too far away,Latrine/toilet,Yes,Soap,Yes,Often (11-20 times),Sometimes (3-10 times),Often (11-20 times),Sometimes (3-10 times),Sometimes (3-10 times),Sometimes (3-10 times),Often (11-20 times),Often (11-20 times),Sometimes (3-10 times),Often (11-20 times),Often (11-20 times),Sometimes (3-10 times),30,High,380,0,1,0,0,0,0,1
helvetas03-CQTTHH,20.11.2024,Baseline,Larde,Mpaheia,Female,6,Unprotected dug well,Unimproved,Yes,20 liter,,5,,,,30,180,Yes,,,Not Satisfied,It is too far away,Latrine/toilet,Yes,None shown,No,Often (11-20 times),Often (11-20 times),Often (11-20 times),Often (11-20 times),Sometimes (3-10 times),Rarely (1-2 times),Sometimes (3-10 times),Sometimes (3-10 times),Sometimes (3-10 times),Sometimes (3-10 times),Sometimes (3-10 times),Sometimes (3-10 times),27,High,240,0,1,0,0,100,17,0
helvetas01-CQTTLQ,20.11.2024,Baseline,Larde,Mpaheia,Female,7,Unprotected dug well,Unimproved,No,,,,,,,60,120,No,,,Not Satisfied,Other (please specify),In water body – river or lake,No,,,Rarely (1-2 times),Rarely (1-2 times),Sometimes (3-10 times),Rarely (1-2 times),Rarely (1-2 times),Rarely (1-2 times),Sometimes (3-10 times),Sometimes (3-10 times),Sometimes (3-10 times),Sometimes (3-10 times),Sometimes (3-10 times),Sometimes (3-10 times),19,Moderate,240,0,1,0,0,0,0,0
helvetas08-CQTTDN,20.11.2024,Baseline,Larde,Mpaheia,Female,4,Unprotected dug well,Unimproved,Yes,20 liter,,7,,,,60,240,No,,,Not Satisfied,Long lines,Latrine/toilet,Yes,Soap,Yes,Often (11-20 times),Rarely (1-2 times),Often (11-20 times),Often (11-20 times),Sometimes (3-10 times),Rarely (1-2 times),Sometimes (3-10 times),Often (11-20 times),Sometimes (3-10 times),Often (11-20 times),Often (11-20 times),Rarely (1-2 times),27,High,360,0,1,0,0,140,35,1
helvetas05-CQTTLT,20.11.2024,Baseline,Larde,Mpaheia,Female,5,Unprotected dug well,Unimproved,Yes,"10 liter, 20 liter",,3,,2,,40,120,Yes,,,Not Satisfied,Long lines,Latrine/toilet,Yes,Ash,Yes,Often (11-20 times),Sometimes (3-10 times),Sometimes (3-10 times),Sometimes (3-10 times),Sometimes (3-10 times),Rarely (1-2 times),Sometimes (3-10 times),Sometimes (3-10 times),Often (11-20 times),Rarely (1-2 times),Sometimes (3-10 times),Often (11-20 times),25,High,200,0,1,0,0,80,16,1
helvetas01-CQTTWL,20.11.2024,Baseline,Larde,Mpaheia,Female,5,Unprotected dug well,Unimproved,No,,,,,,,60,180,No,,,Not Satisfied,Other (please specify),In the open/no sanitation facilities,Yes,Other cleanser or detergent,Yes,Rarely (1-2 times),Sometimes (3-10 times),Rarely (1-2 times),Sometimes (3-10 times),Sometimes (3-10 times),Rarely (1-2 times),Rarely (1-2 times),Rarely (1-2 times),Sometimes (3-10 times),Rarely (1-2 times),Rarely (1-2 times),Sometimes (3-10 times),17,Moderate,300,0,1,0,0,0,0,0
helvetas08-CQTU2W,20.11.2024,Baseline,Larde,Mpaheia,Female,5,Unprotected dug well,Unimproved,Yes,20 liter,,2,,,,60,300,No,,,Not Satisfied,Long lines,Latrine/toilet,Yes,Soap,Yes,Often (11-20 times),Rarely (1-2 times),Sometimes (3-10 times),Often (11-20 times),Sometimes (3-10 times),Rarely (1-2 times),Sometimes (3-10 times),Often (11-20 times),Rarely (1-2 times),Sometimes (3-10 times),Often (11-20 times),Rarely (1-2 times),24,High,420,0,1,0,0,40,8,1
helvetas05-CQTUBP,20.11.2024,Baseline,Larde,Mpaheia,Female,6,Unprotected dug well,Unimproved,Yes,20 liter,,4,,,,60,40,Yes,,,Not Satisfied,It is too far away,Latrine/toilet,Yes,Ash,Yes,Often (11-20 times),Sometimes (3-10 times),Often (11-20 times),Sometimes (3-10 times),Sometimes (3-10 times),Rarely (1-2 times),Sometimes (3-10 times),Sometimes (3-10 times),Often (11-20 times),Rarely (1-2 times),Sometimes (3-10 times),Often (11-20 times),26,High,160,0,1,0,0,80,13,1
helvetas01-CQRGY8,19.11.2024,Baseline,Larde,Namichir,Female,4,Unprotected dug well,Unimproved,Yes,20 liter,,1,,,,40,120,Yes,,,Not Satisfied,Other (please specify),In water body – river or lake,No,,,Sometimes (3-10 times),Rarely (1-2 times),Sometimes (3-10 times),Sometimes (3-10 times),Sometimes (3-10 times),Sometimes (3-10 times),Rarely (1-2 times),Rarely (1-2 times),Sometimes (3-10 times),Sometimes (3-10 times),Sometimes (3-10 times),Sometimes (3-10 times),21,Moderate,200,0,1,0,0,20,5,0
helvetas05-CQRGTZ,19.11.2024,Baseline,Larde,Namichir,Female,5,Unprotected dug well,Unimproved,Yes,20 liter,,3,,,,60,40,Yes,,,Not Satisfied,It is too far away,In the open/no sanitation facilities,Yes,Ash,Yes,Sometimes (3-10 times),Sometimes (3-10 times),Sometimes (3-10 times),Sometimes (3-10 times),Sometimes (3-10 times),Sometimes (3-10 times),Sometimes (3-10 times),Sometimes (3-10 times),Often (11-20 times),Rarely (1-2 times),Sometimes (3-10 times),Often (11-20 times),25,High,160,0,1,0,0,60,12,1
helvetas03-CQRH4N,19.11.2024,Baseline,Larde,Namichir,Female,5,Unprotected dug well,Unimproved,Yes,"20 liter, 10 liter",,3,,1,,120,240,Yes,,,Not Satisfied,It is too far away,In the open/no sanitation facilities,No,,,Sometimes (3-10 times),Often (11-20 times),Often (11-20 times),Sometimes (3-10 times),Often (11-20 times),Often (11-20 times),Sometimes (3-10 times),Sometimes (3-10 times),Often (11-20 times),Often (11-20 times),Often (11-20 times),Often (11-20 times),32,High,480,0,1,0,0,70,14,0
helvetas08-CQRGX6,19.11.2024,Baseline,Larde,Namichir,Female,6,Unprotected dug well,Unimproved,Yes,"20 liter, 10 liter, 5 liter",,1,,1,1,120,60,No,,,Not Satisfied,It is too far away,Latrine/toilet,Yes,Soap,Yes,Often (11-20 times),Never (0 times),Sometimes (3-10 times),Often (11-20 times),Sometimes (3-10 times),Sometimes (3-10 times),Sometimes (3-10 times),Often (11-20 times),Rarely (1-2 times),Sometimes (3-10 times),Often (11-20 times),Sometimes (3-10 times),25,High,300,0,1,0,0,35,6,1
helvetas02-CQRH2J,19.11.2024,Baseline,Larde,Namichir,Female,5,Unprotected dug well,Unimproved,Yes,20 liter,,2,,,,60,60,Yes,,,Not Satisfied,It is too far away,Latrine/toilet,Yes,None shown,Yes,Always (more than 20 times),Often (11-20 times),Always (more than 20 times),Often (11-20 times),Often (11-20 times),Often (11-20 times),Always (more than 20 times),Often (11-20 times),Always (more than 20 times),Often (11-20 times),Often (11-20 times),Often (11-20 times),36,High,180,0,1,0,0,40,8,0
helvetas05-CQRHFQ,19.11.2024,Baseline,Larde,Namichir,Female,6,Unprotected dug well,Unimproved,Yes,"20 liter, 10 liter",,3,,2,,50,30,Yes,,,Not Satisfied,"Water has a bad smell, color, or quality",In the open/no sanitation facilities,Yes,Ash,Yes,Often (11-20 times),Sometimes (3-10 times),Sometimes (3-10 times),Sometimes (3-10 times),Sometimes (3-10 times),Sometimes (3-10 times),Sometimes (3-10 times),Sometimes (3-10 times),Often (11-20 times),Rarely (1-2 times),Sometimes (3-10 times),Often (11-20 times),26,High,130,0,1,0,0,80,13,1
helvetas08-CQRHMD,19.11.2024,Baseline,Larde,Namichir,Female,7,Unprotected dug well,Unimproved,Yes,20 liter,,2,,,,120,90,No,,,Not Satisfied,It is too far away,Latrine/toilet,Yes,Soap,Yes,Often (11-20 times),Rarely (1-2 times),Sometimes (3-10 times),Often (11-20 times),Sometimes (3-10 times),Rarely (1-2 times),Sometimes (3-10 times),Often (11-20 times),Rarely (1-2 times),Sometimes (3-10 times),Often (11-20 times),Rarely (1-2 times),24,High,330,0,1,0,0,40,6,1
helvetas01-CQRHGW,19.11.2024,Baseline,Larde,Namichir,Female,8,Unprotected dug well,Unimproved,Yes,"25 liter, 20 liter",2,2,,,,10,180,Yes,,,Not Satisfied,Other (please specify),In the open/no sanitation facilities,Yes,Other cleanser or detergent,Yes,Rarely (1-2 times),Rarely (1-2 times),Sometimes (3-10 times),Sometimes (3-10 times),Rarely (1-2 times),Rarely (1-2 times),Sometimes (3-10 times),Sometimes (3-10 times),Rarely (1-2 times),Rarely (1-2 times),Sometimes (3-10 times),Sometimes (3-10 times),18,Moderate,200,0,1,0,0,90,11,0
helvetas04-CQRHHH,19.11.2024,Baseline,Larde,Namichir,Female,6,Unprotected dug well,Unimproved,Yes,"20 liter, 10 liter",,3,,2,,20,120,Yes,,,Not Satisfied,It is broken,Latrine/toilet,Yes,Ash,Yes,Often (11-20 times),Sometimes (3-10 times),Rarely (1-2 times),Rarely (1-2 times),Never (0 times),Never (0 times),Rarely (1-2 times),Often (11-20 times),Rarely (1-2 times),Never (0 times),Often (11-20 times),Never (0 times),15,Moderate,160,0,1,0,0,80,13,1
helvetas04-CQRJFA,19.11.2024,Baseline,Larde,Namichir,Female,3,Unprotected dug well,Unimproved,Yes,"20 liter, 10 liter",,3,,2,,10,60,Yes,,,Not Satisfied,It is broken,In the open/no sanitation facilities,No,,,Sometimes (3-10 times),Rarely (1-2 times),Rarely (1-2 times),Rarely (1-2 times),Never (0 times),Never (0 times),Never (0 times),Often (11-20 times),Never (0 times),Never (0 times),Often (11-20 times),Never (0 times),11,Low,80,0,1,0,0,80,27,0
helvetas03-CR6ERY,24.11.2024,Baseline,Mecuburi,Nanrele,Female,7,Unprotected dug well,Unimproved,Yes,20 liter,,3,,,,5,30,Yes,,,Not Satisfied,Long lines,Latrine/toilet,Yes,None shown,Yes,Rarely (1-2 times),Sometimes (3-10 times),Sometimes (3-10 times),Sometimes (3-10 times),Often (11-20 times),Often (11-20 times),Often (11-20 times),Often (11-20 times),Often (11-20 times),Often (11-20 times),Sometimes (3-10 times),Often (11-20 times),30,High,40,0,1,0,0,60,9,0
helvetas04-CR6EV6,24.11.2024,Baseline,Mecuburi,Nanrele,Female,3,Unprotected dug well,Unimproved,Yes,"20 liter, 10 liter",,4,,3,,60,120,Yes,,,Not Satisfied,It is broken,In the open/no sanitation facilities,No,,,Sometimes (3-10 times),Sometimes (3-10 times),Rarely (1-2 times),Rarely (1-2 times),Rarely (1-2 times),Never (0 times),Rarely (1-2 times),Often (11-20 times),Rarely (1-2 times),Never (0 times),Often (11-20 times),Rarely (1-2 times),16,Moderate,240,0,1,0,0,110,37,0
helvetas02-CR6EVA,24.11.2024,Baseline,Mecuburi,Nanrele,Female,4,Unprotected dug well,Unimproved,Yes,"20 liter, 10 liter",,1,,1,,2,60,No,,,Not Satisfied,Water tastes bad,Latrine/toilet,Yes,Ash,Yes,Often (11-20 times),Often (11-20 times),Often (11-20 times),Sometimes (3-10 times),Sometimes (3-10 times),Sometimes (3-10 times),Sometimes (3-10 times),Often (11-20 times),Sometimes (3-10 times),Never (0 times),Sometimes (3-10 times),Sometimes (3-10 times),26,High,64,0,1,0,0,30,8,1
helvetas03-CR6F6Z,24.11.2024,Baseline,Mecuburi,Nanrele,Female,4,Unprotected dug well,Unimproved,Yes,"20 liter, 10 liter",,2,,2,,3,60,Yes,,,Not Satisfied,Long lines,Latrine/toilet,Yes,Soap,Yes,Rarely (1-2 times),Often (11-20 times),Sometimes (3-10 times),Sometimes (3-10 times),Sometimes (3-10 times),Sometimes (3-10 times),Sometimes (3-10 times),Sometimes (3-10 times),Sometimes (3-10 times),Sometimes (3-10 times),Sometimes (3-10 times),Often (11-20 times),25,High,66,0,1,0,0,60,15,1
helvetas05-CR6F87,24.11.2024,Baseline,Mecuburi,Nanrele,Female,7,Unprotected dug well,Unimproved,Yes,"20 liter, 10 liter",,3,,3,,10,80,Yes,,,Not Satisfied,Long lines,Latrine/toilet,Yes,Soap,Yes,Often (11-20 times),Sometimes (3-10 times),Often (11-20 times),Sometimes (3-10 times),Sometimes (3-10 times),Rarely (1-2 times),Sometimes (3-10 times),Sometimes (3-10 times),Often (11-20 times),Rarely (1-2 times),Sometimes (3-10 times),Often (11-20 times),26,High,100,0,1,0,0,90,13,1
helvetas08-CR6EVV,24.11.2024,Baseline,Mecuburi,Nanrele,Female,5,Unprotected dug well,Unimproved,Yes,20 liter,,20,,,,35,90,No,,,Not Satisfied,Long lines,In the open/no sanitation facilities,Yes,Soap,Yes,Sometimes (3-10 times),Rarely (1-2 times),Sometimes (3-10 times),Sometimes (3-10 times),Sometimes (3-10 times),Rarely (1-2 times),Sometimes (3-10 times),Sometimes (3-10 times),Rarely (1-2 times),Sometimes (3-10 times),Sometimes (3-10 times),Rarely (1-2 times),20,Moderate,160,0,1,0,0,400,80,1
helvetas02-CR6FFB,24.11.2024,Baseline,Mecuburi,Nanrele,Female,9,Unprotected dug well,Unimproved,Yes,20 liter,,2,,,,10,30,Yes,,,Not Satisfied,Water tastes bad,Latrine/toilet,Yes,Ash,Yes,Sometimes (3-10 times),Sometimes (3-10 times),Often (11-20 times),Often (11-20 times),Sometimes (3-10 times),Sometimes (3-10 times),Often (11-20 times),Sometimes (3-10 times),Sometimes (3-10 times),Rarely (1-2 times),Sometimes (3-10 times),Never (0 times),24,High,50,0,1,0,0,40,4,1
helvetas01-CR6FT2,24.11.2024,Baseline,Mecuburi,Nanrele,Female,2,Unprotected dug well,Unimproved,Yes,"20 liter, 10 liter, 15 liter",,1,1,1,,15,180,No,,,Not Satisfied,Other (please specify),Latrine/toilet,No,,,Sometimes (3-10 times),Rarely (1-2 times),Rarely (1-2 times),Rarely (1-2 times),Rarely (1-2 times),Rarely (1-2 times),Rarely (1-2 times),Sometimes (3-10 times),Rarely (1-2 times),Rarely (1-2 times),Rarely (1-2 times),Rarely (1-2 times),14,Moderate,210,0,1,0,0,45,23,0
helvetas01-CR6G4L,24.11.2024,Baseline,Mecuburi,Nanrele,Female,5,Unprotected dug well,Unimproved,No,,,,,,,20,120,No,,,Not Satisfied,It is broken,Latrine/toilet,No,,,Rarely (1-2 times),Rarely (1-2 times),Sometimes (3-10 times),Rarely (1-2 times),Sometimes (3-10 times),Sometimes (3-10 times),Rarely (1-2 times),Often (11-20 times),Sometimes (3-10 times),Rarely (1-2 times),Sometimes (3-10 times),Rarely (1-2 times),19,Moderate,160,0,1,0,0,0,0,0
helvetas05-CR6EMC,24.11.2024,Baseline,Mecuburi,Nanrele,Female,10,Unprotected dug well,Unimproved,Yes,"20 liter, 25 liter",2,1,,,,10,60,Yes,,,Not Satisfied,Long lines,Latrine/toilet,Yes,Soap,Yes,Sometimes (3-10 times),Sometimes (3-10 times),Often (11-20 times),Sometimes (3-10 times),Sometimes (3-10 times),Rarely (1-2 times),Sometimes (3-10 times),Sometimes (3-10 times),Often (11-20 times),Sometimes (3-10 times),Sometimes (3-10 times),Often (11-20 times),26,High,80,0,1,0,0,70,7,1
helvetas04-CQ9NJU,45609.42778,Baseline,Memba,Nihola,Female,6,Unprotected dug well,Unimproved,Yes,20 liter,,1,,,,60,30,Yes,,,Not Satisfied,It is too far away,In the open/no sanitation facilities,Yes,Other cleanser or detergent,Yes,Rarely (1-2 times),Rarely (1-2 times),Rarely (1-2 times),Sometimes (3-10 times),Rarely (1-2 times),Rarely (1-2 times),Rarely (1-2 times),Sometimes (3-10 times),Never (0 times),Rarely (1-2 times),Sometimes (3-10 times),Never (0 times),13,Moderate,150,0,1,0,0,20,3,0
helvetas03-CQ9F5V,13.11.2024,Baseline,Memba,Valdemar,Female,5,Unprotected dug well,Unimproved,Yes,20 liter,,4,,,,10,5,No,,,Not Satisfied,"Water has a bad smell, color, or quality",Latrine/toilet,Yes,Ash,Yes,Sometimes (3-10 times),Rarely (1-2 times),Sometimes (3-10 times),Often (11-20 times),Sometimes (3-10 times),Rarely (1-2 times),Sometimes (3-10 times),Sometimes (3-10 times),Sometimes (3-10 times),Sometimes (3-10 times),Sometimes (3-10 times),Sometimes (3-10 times),23,Moderate,25,0,1,0,0,80,16,1
helvetas03-CQ9FP2,13.11.2024,Baseline,Memba,Valdemar,Female,6,Unprotected dug well,Unimproved,Yes,20 liter,,4,,,,20,60,Yes,,,Not Satisfied,Long lines,Latrine/toilet,Yes,Ash,Yes,Often (11-20 times),Sometimes (3-10 times),Often (11-20 times),Sometimes (3-10 times),Sometimes (3-10 times),Often (11-20 times),Often (11-20 times),Sometimes (3-10 times),Sometimes (3-10 times),Sometimes (3-10 times),Sometimes (3-10 times),Sometimes (3-10 times),28,High,100,0,1,0,0,80,13,1
helvetas01-CQ9FFM,13.11.2024,Baseline,Memba,Valdemar,Female,7,Unprotected dug well,Unimproved,Yes,15 liter,,,3,,,60,90,Yes,,,Not Satisfied,Long lines,In the open/no sanitation facilities,Yes,Ash,Yes,Rarely (1-2 times),Sometimes (3-10 times),Sometimes (3-10 times),Often (11-20 times),Often (11-20 times),Sometimes (3-10 times),Often (11-20 times),Always (more than 20 times),Always (more than 20 times),Rarely (1-2 times),Sometimes (3-10 times),Rarely (1-2 times),26,High,210,0,1,0,0,45,6,1
helvetas01-CQ9H2W,13.11.2024,Baseline,Memba,Valdemar,Female,5,Unprotected dug well,Unimproved,Yes,25 liter,4,,,,,50,60,Yes,,,Not Satisfied,Long lines,In the open/no sanitation facilities,Yes,Soap,Yes,Sometimes (3-10 times),Sometimes (3-10 times),Sometimes (3-10 times),Often (11-20 times),Sometimes (3-10 times),Often (11-20 times),Sometimes (3-10 times),Often (11-20 times),Sometimes (3-10 times),Rarely (1-2 times),Often (11-20 times),Sometimes (3-10 times),27,High,160,0,1,0,0,100,20,1
helvetas03-CQ9GLG,13.11.2024,Baseline,Memba,Valdemar,Female,3,Unprotected dug well,Unimproved,Yes,20 liter,,2,,,,10,40,Yes,,,Not Satisfied,Long lines,Latrine/toilet,Yes,Ash,Yes,Often (11-20 times),Often (11-20 times),Often (11-20 times),Often (11-20 times),Often (11-20 times),Sometimes (3-10 times),Sometimes (3-10 times),Sometimes (3-10 times),Sometimes (3-10 times),Sometimes (3-10 times),Sometimes (3-10 times),Sometimes (3-10 times),29,High,60,0,1,0,0,40,13,1
helvetas01-CQ9HYM,13.11.2024,Baseline,Memba,Valdemar,Female,8,Unprotected dug well,Unimproved,Yes,20 liter,,2,,,,40,60,Yes,,,Not Satisfied,Long lines,In the open/no sanitation facilities,Yes,Soap,Yes,Often (11-20 times),Often (11-20 times),Always (more than 20 times),Always (more than 20 times),Often (11-20 times),Sometimes (3-10 times),Always (more than 20 times),Sometimes (3-10 times),Often (11-20 times),Sometimes (3-10 times),Often (11-20 times),Sometimes (3-10 times),32,High,140,0,1,0,0,40,5,1
helvetas04-CQBX2F,14.11.2024,Baseline,Memba,Cruzamento dos velhos,Female,2,Unprotected spring,Unimproved,Yes,20 liter,,3,,,,40,120,Yes,,,Not Satisfied,"Water has a bad smell, color, or quality",Latrine/toilet,Yes,Soap,Yes,Sometimes (3-10 times),Rarely (1-2 times),Sometimes (3-10 times),Rarely (1-2 times),Never (0 times),Rarely (1-2 times),Rarely (1-2 times),Often (11-20 times),Rarely (1-2 times),Never (0 times),Often (11-20 times),Rarely (1-2 times),16,Moderate,200,0,1,0,0,60,30,1
helvetas08-CQBX5N,14.11.2024,Baseline,Memba,Cruzamento dos velhos,Female,6,Unprotected spring,Unimproved,Yes,20 liter,,5,,,,30,240,No,,,Not Satisfied,Long lines,Latrine/toilet,Yes,Ash,Yes,Sometimes (3-10 times),Never (0 times),Sometimes (3-10 times),Sometimes (3-10 times),Sometimes (3-10 times),Sometimes (3-10 times),Sometimes (3-10 times),Sometimes (3-10 times),Sometimes (3-10 times),Sometimes (3-10 times),Sometimes (3-10 times),Sometimes (3-10 times),22,Moderate,300,0,1,0,0,100,17,1
helvetas04-CQBXL8,14.11.2024,Baseline,Memba,Cruzamento dos velhos,Female,6,Unprotected spring,Unimproved,Yes,20 liter,,2,,,,30,120,Yes,,,Not Satisfied,It is too far away,Latrine/toilet,Yes,Soap,Yes,Sometimes (3-10 times),Sometimes (3-10 times),Rarely (1-2 times),Rarely (1-2 times),Rarely (1-2 times),Rarely (1-2 times),Rarely (1-2 times),Often (11-20 times),Rarely (1-2 times),Never (0 times),Often (11-20 times),Never (0 times),16,Moderate,180,0,1,0,0,40,7,1
helvetas08-CQBXSN,14.11.2024,Baseline,Memba,Cruzamento dos velhos,Female,3,Unprotected spring,Unimproved,Yes,"20 liter, 10 liter",,2,,1,,45,210,Yes,,,Not Satisfied,Long lines,Latrine/toilet,Yes,Ash,Yes,Sometimes (3-10 times),Never (0 times),Rarely (1-2 times),Sometimes (3-10 times),Sometimes (3-10 times),Rarely (1-2 times),Rarely (1-2 times),Sometimes (3-10 times),Sometimes (3-10 times),Sometimes (3-10 times),Sometimes (3-10 times),Sometimes (3-10 times),19,Moderate,300,0,1,0,0,50,17,1
helvetas08-CQBYD4,14.11.2024,Baseline,Memba,Cruzamento dos velhos,Female,4,Unprotected spring,Unimproved,Yes,20 liter,,5,,,,30,180,No,,,Not Satisfied,Long lines,Latrine/toilet,Yes,Soap,Yes,Sometimes (3-10 times),Never (0 times),Rarely (1-2 times),Sometimes (3-10 times),Sometimes (3-10 times),Rarely (1-2 times),Rarely (1-2 times),Sometimes (3-10 times),Rarely (1-2 times),Rarely (1-2 times),Often (11-20 times),Rarely (1-2 times),17,Moderate,240,0,1,0,0,100,25,1
helvetas04-CQBYSA,14.11.2024,Baseline,Memba,Cruzamento dos velhos,Female,4,Unprotected spring,Unimproved,Yes,"20 liter, 10 liter",,2,,1,,40,180,Yes,,,Not Satisfied,Long lines,Latrine/toilet,Yes,Soap,Yes,Sometimes (3-10 times),Rarely (1-2 times),Rarely (1-2 times),Rarely (1-2 times),Never (0 times),Rarely (1-2 times),Rarely (1-2 times),Often (11-20 times),Rarely (1-2 times),Never (0 times),Often (11-20 times),Never (0 times),14,Moderate,260,0,1,0,0,50,13,1
helvetas08-CQBYYX,14.11.2024,Baseline,Memba,Cruzamento dos velhos,Female,4,Unprotected spring,Unimproved,Yes,10 liter,,,,3,,45,210,Yes,,,Not Satisfied,Long lines,In the open/no sanitation facilities,Yes,Soap,Yes,Often (11-20 times),Never (0 times),Sometimes (3-10 times),Often (11-20 times),Sometimes (3-10 times),Rarely (1-2 times),Rarely (1-2 times),Often (11-20 times),Sometimes (3-10 times),Sometimes (3-10 times),Sometimes (3-10 times),Rarely (1-2 times),22,Moderate,300,0,1,0,0,30,8,1
helvetas04-CQBZGA,14.11.2024,Baseline,Memba,Cruzamento dos velhos,Female,5,Unprotected spring,Unimproved,Yes,"20 liter, 10 liter",,3,,3,,40,120,Yes,,,Not Satisfied,Long lines,In the open/no sanitation facilities,No,,,Often (11-20 times),Rarely (1-2 times),Rarely (1-2 times),Sometimes (3-10 times),Rarely (1-2 times),Rarely (1-2 times),Rarely (1-2 times),Sometimes (3-10 times),Rarely (1-2 times),Rarely (1-2 times),Rarely (1-2 times),Rarely (1-2 times),16,Moderate,200,0,1,0,0,90,18,0
helvetas08-CQNRGE,18.11.2024,Baseline,Moma,Jacagiua,Female,6,Unprotected spring,Unimproved,Yes,20 liter,,3,,,,60,300,No,,,Not Satisfied,Long lines,Latrine/toilet,Yes,Ash,Yes,Often (11-20 times),Rarely (1-2 times),Sometimes (3-10 times),Sometimes (3-10 times),Sometimes (3-10 times),Sometimes (3-10 times),Sometimes (3-10 times),Often (11-20 times),Rarely (1-2 times),Sometimes (3-10 times),Often (11-20 times),Rarely (1-2 times),24,High,420,0,1,0,0,60,10,1
helvetas04-CQNRYJ,18.11.2024,Baseline,Moma,Jacagiua,Female,7,Unprotected spring,Unimproved,Yes,"20 liter, 10 liter",,4,,2,,40,180,Yes,,,Not Satisfied,"Water has a bad smell, color, or quality",Latrine/toilet,Yes,Soap,Yes,Often (11-20 times),Rarely (1-2 times),Sometimes (3-10 times),Rarely (1-2 times),Rarely (1-2 times),Rarely (1-2 times),Rarely (1-2 times),Sometimes (3-10 times),Rarely (1-2 times),Never (0 times),Often (11-20 times),Never (0 times),16,Moderate,260,0,1,0,0,100,14,1
helvetas08-CQNS7C,18.11.2024,Baseline,Moma,Jacagiua,Female,3,Unprotected spring,Unimproved,Yes,"20 liter, 10 liter",,2,,1,,90,240,No,,,Not Satisfied,Long lines,In the open/no sanitation facilities,Yes,Ash,Yes,Often (11-20 times),Rarely (1-2 times),Sometimes (3-10 times),Often (11-20 times),Rarely (1-2 times),Sometimes (3-10 times),Sometimes (3-10 times),Often (11-20 times),Rarely (1-2 times),Often (11-20 times),Often (11-20 times),Rarely (1-2 times),25,High,420,0,1,0,0,50,17,1
helvetas08-CQNSKF,18.11.2024,Baseline,Moma,Jacagiua,Female,7,Unprotected spring,Unimproved,Yes,20 liter,,2,,,,90,300,No,,,Not Satisfied,Long lines,Latrine/toilet,Yes,Ash,Yes,Often (11-20 times),Rarely (1-2 times),Often (11-20 times),Often (11-20 times),Sometimes (3-10 times),Sometimes (3-10 times),Sometimes (3-10 times),Often (11-20 times),Rarely (1-2 times),Sometimes (3-10 times),Often (11-20 times),Rarely (1-2 times),26,High,480,0,1,0,0,40,6,1
helvetas08-CQ9RNS,13.11.2024,Baseline,Memba,Lusaka,Female,7,Unprotected spring,Unimproved,Yes,"20 liter, 10 liter",,2,,3,,120,90,No,,,Not Satisfied,It is too far away,Latrine/toilet,Yes,Ash,Yes,Sometimes (3-10 times),Never (0 times),Sometimes (3-10 times),Rarely (1-2 times),Rarely (1-2 times),Rarely (1-2 times),Rarely (1-2 times),Sometimes (3-10 times),Rarely (1-2 times),Rarely (1-2 times),Sometimes (3-10 times),Rarely (1-2 times),15,Moderate,330,0,1,0,0,70,10,1
helvetas04-CQ9S2M,13.11.2024,Baseline,Memba,Lusaka,Female,7,Unprotected spring,Unimproved,Yes,"20 liter, 10 liter",,2,,2,,60,120,Yes,,,Not Satisfied,"Water has a bad smell, color, or quality",Latrine/toilet,Yes,Soap,Yes,Sometimes (3-10 times),Rarely (1-2 times),Rarely (1-2 times),Rarely (1-2 times),Rarely (1-2 times),Rarely (1-2 times),Rarely (1-2 times),Often (11-20 times),Rarely (1-2 times),Never (0 times),Often (11-20 times),Rarely (1-2 times),16,Moderate,240,0,1,0,0,60,9,1
helvetas08-CQ9SCM,13.11.2024,Baseline,Memba,Lusaka,Female,5,Unprotected spring,Unimproved,Yes,20 liter,,3,,,,90,60,No,,,Not Satisfied,Long lines,Latrine/toilet,Yes,Soap,Yes,Rarely (1-2 times),Never (0 times),Rarely (1-2 times),Rarely (1-2 times),Rarely (1-2 times),Rarely (1-2 times),Rarely (1-2 times),Rarely (1-2 times),Rarely (1-2 times),Rarely (1-2 times),Rarely (1-2 times),Rarely (1-2 times),11,Low,240,0,1,0,0,60,12,1
helvetas08-CQ9SVF,13.11.2024,Baseline,Memba,Lusaka,Female,4,Unprotected spring,Unimproved,Yes,20 liter,,4,,,,120,60,No,,,Not Satisfied,It is too far away,Latrine/toilet,Yes,Soap,Yes,Sometimes (3-10 times),Never (0 times),Sometimes (3-10 times),Sometimes (3-10 times),Sometimes (3-10 times),Rarely (1-2 times),Rarely (1-2 times),Sometimes (3-10 times),Rarely (1-2 times),Rarely (1-2 times),Sometimes (3-10 times),Sometimes (3-10 times),18,Moderate,300,0,1,0,0,80,20,1
helvetas04-CQ9SVR,13.11.2024,Baseline,Memba,Lusaka,Female,7,Unprotected spring,Unimproved,Yes,20 liter,,4,,,,40,120,Yes,,,Not Satisfied,Long lines,Latrine/toilet,Yes,Soap,Yes,Sometimes (3-10 times),Rarely (1-2 times),Rarely (1-2 times),Sometimes (3-10 times),Rarely (1-2 times),Rarely (1-2 times),Rarely (1-2 times),Often (11-20 times),Rarely (1-2 times),Never (0 times),Often (11-20 times),Rarely (1-2 times),17,Moderate,200,0,1,0,0,80,11,1
helvetas08-CQ9TJW,13.11.2024,Baseline,Memba,Lusaka,Female,6,Unprotected spring,Unimproved,No,,,,,,,120,60,No,,,Not Satisfied,It is too far away,Latrine/toilet,Yes,Soap,Yes,Sometimes (3-10 times),Never (0 times),Rarely (1-2 times),Rarely (1-2 times),Rarely (1-2 times),Rarely (1-2 times),Rarely (1-2 times),Sometimes (3-10 times),Rarely (1-2 times),Rarely (1-2 times),Sometimes (3-10 times),Rarely (1-2 times),14,Moderate,300,0,1,0,0,0,0,1
helvetas04-CQ9TW4,13.11.2024,Baseline,Memba,Lusaka,Female,3,Unprotected spring,Unimproved,Yes,20 liter,,2,,,,60,40,Yes,,,Not Satisfied,It is too far away,In the open/no sanitation facilities,No,,,Sometimes (3-10 times),Rarely (1-2 times),Rarely (1-2 times),Rarely (1-2 times),Never (0 times),Rarely (1-2 times),Rarely (1-2 times),Sometimes (3-10 times),Rarely (1-2 times),Never (0 times),Often (11-20 times),Rarely (1-2 times),14,Moderate,160,0,1,0,0,40,13,0
helvetas08-CQRB93,19.11.2024,Baseline,Larde,Macuire,Female,5,Unprotected spring,Unimproved,Yes,"20 liter, 10 liter",,1,,1,,90,240,Yes,,,Not Satisfied,Long lines,Latrine/toilet,Yes,Ash,Yes,Often (11-20 times),Rarely (1-2 times),Sometimes (3-10 times),Sometimes (3-10 times),Sometimes (3-10 times),Sometimes (3-10 times),Often (11-20 times),Sometimes (3-10 times),Rarely (1-2 times),Sometimes (3-10 times),Often (11-20 times),Rarely (1-2 times),24,High,420,0,1,0,0,30,6,1
helvetas04-CQRBJ7,19.11.2024,Baseline,Larde,Macuire,Female,7,Unprotected spring,Unimproved,Yes,20 liter,,3,,,,30,60,Yes,,,Not Satisfied,"Water has a bad smell, color, or quality",Latrine/toilet,Yes,Soap,Yes,Sometimes (3-10 times),Rarely (1-2 times),Rarely (1-2 times),Sometimes (3-10 times),Never (0 times),Rarely (1-2 times),Rarely (1-2 times),Often (11-20 times),Never (0 times),Never (0 times),Sometimes (3-10 times),Never (0 times),13,Moderate,120,0,1,0,0,60,9,1
helvetas08-CQRBSZ,19.11.2024,Baseline,Larde,Macuire,Female,5,Unprotected spring,Unimproved,Yes,20 liter,,2,,,,90,300,No,,,Not Satisfied,Long lines,Latrine/toilet,Yes,Soap,Yes,Often (11-20 times),Rarely (1-2 times),Sometimes (3-10 times),Sometimes (3-10 times),Sometimes (3-10 times),Rarely (1-2 times),Sometimes (3-10 times),Often (11-20 times),Rarely (1-2 times),Sometimes (3-10 times),Often (11-20 times),Rarely (1-2 times),23,Moderate,480,0,1,0,0,40,8,1
helvetas04-CQC5C4,14.11.2024,Baseline,Memba,Matata,Female,2,Unprotected spring,Unimproved,Yes,20 liter,,1,,,,40,180,Yes,,,Not Satisfied,It is too far away,In the open/no sanitation facilities,No,,,Often (11-20 times),Rarely (1-2 times),Sometimes (3-10 times),Rarely (1-2 times),Rarely (1-2 times),Rarely (1-2 times),Rarely (1-2 times),Often (11-20 times),Rarely (1-2 times),Rarely (1-2 times),Often (11-20 times),Never (0 times),18,Moderate,260,0,1,0,0,20,10,0
helvetas08-CQC5B8,14.11.2024,Baseline,Memba,Matata,Female,4,Unprotected spring,Unimproved,Yes,"20 liter, 10 liter",,2,,1,,90,210,No,,,Not Satisfied,Long lines,Latrine/toilet,Yes,Ash,Yes,Often (11-20 times),Never (0 times),Sometimes (3-10 times),Often (11-20 times),Sometimes (3-10 times),Rarely (1-2 times),Sometimes (3-10 times),Often (11-20 times),Sometimes (3-10 times),Sometimes (3-10 times),Sometimes (3-10 times),Sometimes (3-10 times),24,High,390,0,1,0,0,50,13,1
helvetas08-CQC5T9,14.11.2024,Baseline,Memba,Matata,Female,6,Unprotected spring,Unimproved,Yes,20 liter,,5,,,,90,240,No,,,Not Satisfied,Long lines,In the open/no sanitation facilities,Yes,Ash,Yes,Often (11-20 times),Never (0 times),Sometimes (3-10 times),Often (11-20 times),Sometimes (3-10 times),Rarely (1-2 times),Often (11-20 times),Often (11-20 times),Rarely (1-2 times),Sometimes (3-10 times),Sometimes (3-10 times),Rarely (1-2 times),23,Moderate,420,0,1,0,0,100,17,1
helvetas04-CQC5WY,14.11.2024,Baseline,Memba,Matata,Female,9,Unprotected spring,Unimproved,Yes,20 liter,,4,,,,30,120,Yes,,,Not Satisfied,Long lines,Latrine/toilet,Yes,Ash,Yes,Sometimes (3-10 times),Rarely (1-2 times),Rarely (1-2 times),Rarely (1-2 times),Never (0 times),Rarely (1-2 times),Rarely (1-2 times),Often (11-20 times),Rarely (1-2 times),Never (0 times),Sometimes (3-10 times),Never (0 times),13,Moderate,180,0,1,0,0,80,9,1
helvetas08-CQC6JV,14.11.2024,Baseline,Memba,Matata,Female,6,Unprotected spring,Unimproved,Yes,"20 liter, 10 liter",,3,,2,,60,300,No,,,Not Satisfied,Long lines,In the open/no sanitation facilities,Yes,Ash,Yes,Often (11-20 times),Never (0 times),Often (11-20 times),Often (11-20 times),Often (11-20 times),Sometimes (3-10 times),Sometimes (3-10 times),Often (11-20 times),Sometimes (3-10 times),Often (11-20 times),Often (11-20 times),Rarely (1-2 times),28,High,420,0,1,0,0,80,13,1
helvetas04-CQC6QE,14.11.2024,Baseline,Memba,Matata,Female,4,Unprotected spring,Unimproved,Yes,20 liter,,2,,,,60,180,Yes,,,Not Satisfied,Long lines,In the open/no sanitation facilities,No,,,Sometimes (3-10 times),Rarely (1-2 times),Rarely (1-2 times),Sometimes (3-10 times),Never (0 times),Rarely (1-2 times),Rarely (1-2 times),Often (11-20 times),Rarely (1-2 times),Never (0 times),Often (11-20 times),Rarely (1-2 times),16,Moderate,300,0,1,0,0,40,10,0
helvetas04-CQ9MPB,45609.41736,Baseline,Memba,Nihola,Female,4,Unprotected spring,Unimproved,Yes,20 liter,,2,,,,60,40,Yes,,,Not Satisfied,"Water has a bad smell, color, or quality",In the open/no sanitation facilities,Yes,Soap,Yes,Rarely (1-2 times),Rarely (1-2 times),Rarely (1-2 times),Sometimes (3-10 times),Rarely (1-2 times),Sometimes (3-10 times),Rarely (1-2 times),Sometimes (3-10 times),Rarely (1-2 times),Rarely (1-2 times),Sometimes (3-10 times),Rarely (1-2 times),16,Moderate,160,0,1,0,0,40,10,1
helvetas08-CQ9MLQ,45609.41667,Baseline,Memba,Nihola,Female,6,Unprotected spring,Unimproved,Yes,"20 liter, 10 liter",,2,,2,,90,30,No,,,Not Satisfied,It is too far away,Latrine/toilet,Yes,Soap,Yes,Rarely (1-2 times),Never (0 times),Never (0 times),Rarely (1-2 times),Rarely (1-2 times),Rarely (1-2 times),Rarely (1-2 times),Sometimes (3-10 times),Rarely (1-2 times),Rarely (1-2 times),Rarely (1-2 times),Rarely (1-2 times),11,Low,210,0,1,0,0,60,10,1
helvetas04-CQ9PEG,45609.43819,Baseline,Memba,Nihola,Female,7,Unprotected spring,Unimproved,Yes,20 liter,,2,,,,40,30,Yes,,,Not Satisfied,It is too far away,Latrine/toilet,Yes,Ash,Yes,Sometimes (3-10 times),Often (11-20 times),Rarely (1-2 times),Rarely (1-2 times),Rarely (1-2 times),Rarely (1-2 times),Rarely (1-2 times),Often (11-20 times),Rarely (1-2 times),Rarely (1-2 times),Sometimes (3-10 times),Rarely (1-2 times),18,Moderate,110,0,1,0,0,40,6,1
helvetas08-CQ9PNX,13.11.2024,Baseline,Memba,Nihola,Female,2,Unprotected spring,Unimproved,Yes,20 liter,,2,,,,120,60,Yes,,,Not Satisfied,It is too far away,Latrine/toilet,Yes,Ash,Yes,Rarely (1-2 times),Never (0 times),Rarely (1-2 times),Rarely (1-2 times),Rarely (1-2 times),Rarely (1-2 times),Rarely (1-2 times),Rarely (1-2 times),Rarely (1-2 times),Rarely (1-2 times),Rarely (1-2 times),Rarely (1-2 times),11,Low,300,0,1,0,0,40,20,1
helvetas08-CQ9NNW,13.11.2024,Baseline,Memba,Nihola,Female,6,Unprotected spring,Unimproved,Yes,20 liter,,5,,,,90,60,No,,,Not Satisfied,It is too far away,Latrine/toilet,Yes,Ash,Yes,Rarely (1-2 times),Never (0 times),Sometimes (3-10 times),Rarely (1-2 times),Rarely (1-2 times),Rarely (1-2 times),Rarely (1-2 times),Sometimes (3-10 times),Rarely (1-2 times),Rarely (1-2 times),Rarely (1-2 times),Rarely (1-2 times),13,Moderate,240,0,1,0,0,100,17,1
